id,Transaction_Reference_Identifier,Credit_debit_code,Execution_date,Unrelated_party,Unit_quantity,Amount,Product_type,Type_description,Subtype_description,Trailer_description,Alternative_trailer_description
0,Hz4UxEPT6d,-1224,2034-11-02 20:17:08,1,5535.09,-962.628,SLR,IA8LK,D,kBiqyZKl,GtSZwz
1,Ih,1980,2029-02-02 15:52:05,uosOYZeO,-9613.73,-1093.98,QqY6w,AEQpu2PA,ojjeut09m,vDH7hx,jdj6jFbv
2,w6t,5146,2015-02-13 10:44:26,j,-7725.8,-6780.33,pbUG,7tKyTjn7Dq,yoMcooD6uz,4rwh8ZhI,6hGB
3,L6cryqvh20,-6281,2049-06-04 19:53:03,oI,1164.79,5562.05,78kLNFffUZ,fFOk,mLB,V,JmG
4,CO,9163,2042-09-18 18:54:31,6pts8,-6070.57,775.948,kPDuLt2ogR,gVZ1f01a,ObQgV,qdj,AiUznbTQv
5,IIizgDKhGm,-8196,2055-12-21 13:45:20,KBgwh6t,9616.15,3659.02,Enktsba8,iQEvf,PAHrDZoD8,0Rdne,MXsHlI97V
6,Z,1300,2058-05-25 04:15:44,OrDeTh,-5360.26,-2886.38,V4lR,C0Y,8oXGzJjq,G,Bupordr
7,ianFbmZ4,-9618,2057-11-17 19:53:19,1RPZ,2030.85,8377.18,9VXv,F,rPQ6EwAvvV,Hlv,R8U4vcDMiA
8,aMWbSd6jtr,3874,2001-10-12 04:24:55,a,6329.06,-4469.37,vKKuH,qXc9EFizB,yIIQXoN4O,M,oFGvNlmHRO
9,orBTSl,1135,2068-10-05 01:34:37,HL5,-1496.75,-863.856,Ve6uh,pIsY,tGdHx,sUG,X3r0lTT2bE
10,xH0Y,7728,1991-10-10 21:54:40,lraiYO,-7241.56,8468.03,QXKcH,2QEYt5,BKLxm,J3PHgrHe35,YZFS
11,k,-9419,1985-07-29 10:10:49,q7hEr6E,-8321.32,3106.92,E,j8g,B,Tcje0j,qv
12,LkuCHT,-2991,2035-02-22 19:23:09,2bJ3,-5182.01,5232.8,81blNOnwSK,Q9z,wige3odm,GmScE,kmVL
13,2eEL,-792,2000-01-11 10:24:17,k,-4934.83,-9852.29,eOF7,XaZg,R,7g,aScUKELTJ
14,tHkxCs4Tz,-4224,2021-08-14 16:56:06,0AgyBEs,-2020.73,5839.96,ETd4t,bslUxh,yAy,7Ra,t3cDaA
15,X8Ta,-9822,2008-03-05 16:14:19,ziI1AJS,-8034.24,-805.299,3EBmmB,a,nUOF4,cPcj,J3wavu
16,1bySQHek,4580,1998-07-16 01:18:26,dasAiFMxjb,-5085.98,-3899.92,9sqS,pTWnB9,LDZIIYN,gCqlX2pA,wJX
17,USaeq,1826,2058-12-26 07:08:07,Ta,6143.08,-6429.88,sBVVeqb,mQG1,pFch,ajcNJ8xVBW,Sc
18,Q,-6107,2020-08-11 02:58:53,LqIV8yX,-3880.29,1429.45,7zZaR,BCuvP,FRdo,hutA,InB91OH7
19,0YUgYSDUkG,9386,2009-07-29 18:15:59,UsTOZii,-6948.28,-3482.27,XcQV,PA,bCBl6,IPUHAJqI2,qGx143uqLY
20,2R393B,-5018,2028-08-30 22:07:36,8,3560.83,6105.2,YC8129Q,heF,wDEiZbF1f,jmnQS,d3DP9L
21,CH0YNhyqP,-2805,1989-04-15 08:18:41,nhO22,39.3216,357.316,DwQ,h,4xKV,j9p8,Ww
22,o6,-4887,2049-05-11 07:53:53,m5W,460.712,5274.89,0x4sDhOV,g,s6ZzFVYVL,8t,NY8zGC
23,EQ5f0WkFr7,-880,2034-10-26 12:09:51,ipM,-4046.87,-9562.62,G0w,s,xb,qkzGW7,wi1dUoqcEx
24,bFw,8837,2048-02-11 18:33:42,RgHFrfV,-8720.31,-5860.23,w,U83E,P0LZUIuax,2,rdFXPGv
25,vEdy7nbQi,7841,2032-04-06 13:30:26,17hIiCuYs,-7621.3,6080.12,UdEDo,LMPiX,0vKox4bx,AAEgiqq5XM,T4k5ljf5
26,G,-1877,2065-09-26 14:05:52,poFFVxHM0,4877.16,9495.07,UA6ItXtt,UVUQQqhW,wR,J4bt,vDB
27,n,-7108,1998-10-31 20:56:01,qAYt7yX,5352.78,-7919.48,O4,6MIfZTiA,efmCC,0we,yLahvI
28,7a,-9501,2024-09-08 04:11:32,SYN,-5368.37,-2598.24,bYdtR,ios3oMteOd,wrjtis,tIEqSmMdK,bHIkwc
29,yPPX9Nq,3895,1970-03-04 17:59:47,yiCe388,1615.81,3760.06,Xm4,IhJIklM,exePWN,aya,nL4bfA9LAY
30,kIkAm,-1928,1970-01-31 22:53:06,OK2B3,5317.76,-8524.46,YT,y,9vQ4bDg,aGVKoj,ETPnmIM5S
31,wOeFkcDI,9685,2001-12-22 07:41:25,gBIXXAsnu,1045.38,4950.71,8ws5JBOhB,D1J8xrlEyA,RgRvX,E82ECc,WTNHlep
32,N1sTkziI,7528,1972-05-14 20:46:34,g0Bkb,-2272.99,-5889.18,c,LAMosVei,NBB,GbE7P,Gi9q
33,TiSEp7WY,-5141,2026-10-06 19:57:13,Zu8Me,-2055.43,-8707.55,mF9,t,zm59Cj,mXyzQ,Ety3FF
34,SMqCM,6309,2000-10-03 13:52:56,sTudMAl9VH,-2540.67,8239.34,WmRzj5,WAUbb0DAuW,J0J9XrJFF7,4IHrMqy,f59Ln9NtM
35,GKCqwuveh,7211,1989-01-21 08:19:56,cd3Pr,-6030.53,-9849.58,H3olnQWV,2u4uIwL,pbVpaSampW,ss,3cJEu4
36,VYnz6PcipK,-54,1985-05-16 04:13:23,En,-4759.73,-4617.96,1Uvc22Brrs,sn,se23E5H,SN,3hd9LQe
37,7FVLQ,8577,2030-06-20 23:06:18,ZOUanRkzz,-4946.39,4704.41,meBGI3PTQ,LqO3OF,6UN,tNnNBbIp,R
38,Pedcp9PsBm,-1233,2034-06-01 06:50:17,JaLyKppR,3208.91,-9195.69,Q,7f7,h597,nNRuI9IuO,D8Za50p1z5
39,3uB,-9478,1975-01-05 20:14:27,ZxJkV,-2709.74,778.601,goOKvo,wm,lp,haQQI,JArlHu6x9j
40,YW4oX0fGbX,-2113,2017-11-22 06:04:14,KSBd,-1691.95,2605.5,0RqrNN,bB5fJ,DU9,Eifk,7tO46fg
41,EtibNZY0TC,9750,2001-02-15 02:00:04,D25,-5305.82,6583.86,8,ETB4FYsrP,uWYNp,Yxew,x
42,0ClEDtzysA,-3348,2049-06-18 00:22:26,89DIoYvA,9415.63,3736.67,cYpj5m,LibG,gv4JnIQ,fknD6,G
43,waa,-5423,1975-02-28 06:07:11,3fZ3CZjQrh,-3687.04,-8400.13,HS,0M6,3O0V9N,8lC3u8r0eW,EuoC1Ly7g2
44,rS,712,1976-03-23 23:39:39,pZFNDxKL3,2851.1,9542.74,Lhk,jvdUO,M1KGLqNgJ,Av,nAmcKrC
45,nz,-3496,2036-04-30 21:25:08,xJrB3YR,3835.07,-4207.55,JBHOw1Sh6,7HFPhUEQ,AWmyeh,zKLxQ4,r35m6Hg5Qj
46,TTusquyx6,-6615,2000-04-23 21:31:14,5,-7891.77,-5339.38,hHmn,2cT6NA6fCi,Phqzcrbsj,rpEDJDZ,SHzGlz
47,YPeTUSb,6957,1987-06-18 17:41:07,tuR,3088.2,9042.91,oJOgRlWs,CzRW2E,F40u4Jo98,MEyVqXJwM,ABR0NAEG
48,4STkLjEyHF,-3585,2047-10-04 10:56:09,7bMqqSWfv,348.782,-7281.22,7rkN09FLp,Vh6BG6sWg,eUHnJ,t2wew,lmNxmxAI
49,Ii3ya,6192,1993-06-15 08:35:35,3Da0Y,-4826.46,-2461.73,nvn,47x12Oi,2Hyuanvmp1,Wb,GWz6Wv
50,UY,-57,2049-05-29 02:08:39,eh3GH,-5046.31,232.104,Px,N,On6UsqjId,72ZyT,Rz0StR
51,SO,-5294,2001-08-27 07:26:38,wTWnxCb5Dw,-8902.28,-3687.92,adaK,zqjrC,TO,8En,PhXNA
52,kmLxCwPs,6350,2060-09-07 04:12:45,CH,9944.7,6923.9,Wer6,j5K0ODI,Ohzzmivra,eQkEYMg2bm,1r
53,nD2JKDspc9,3240,2062-02-01 10:12:15,X8Iliik1,2520.98,-548.556,Le9Zl,TG,4bGCXDB,Buvwcqa,IalwJxxak
54,inqZ3VJhI,-7368,2053-11-19 03:54:17,3VHRkrL,-6155.36,9478.08,ymr,A0q1X,cGQkDgqPMo,T00,E6Oe9tQf
55,TmYLc,4225,2008-05-07 21:39:26,w,-8368.5,1448.72,8A1jQ,uD8QKNQol,1bw1,OJ3PM8,I
56,lmbsWmCzZd,7844,1997-10-01 14:52:25,F4Wt,-1240.07,-7599.38,O,4nqegY3,xMfhM8,rxKH2C5add,0TVy7U
57,rGX9va70,-7451,2016-04-26 20:04:04,yaB6,3535.9,-3802.82,r,hbenySc,JZW3YpdYb,1pYJyIs,LtdOvgyy
58,mwqNPVgAC,-7136,1971-08-01 19:37:06,I8QTTdhvqE,4001.54,-4727.88,dUIIV,W,4dkYP1s,yCY,ss7YU
59,uOYLa,5360,2041-07-23 11:31:22,S2wg,-3817.36,8526.3,OD0ubO,9mz74HXo,YNyE,rQ6nE,iGCs73zn
60,eN9jlRZb,6838,1971-06-09 09:26:26,HfFA1ED,6377.26,-32.2885,B,mhzh2U,WO50Bgz,n2JfWPr5q0,96yrf
61,FAKqwhF,-8933,2042-03-01 13:15:47,WQih4yI,-3758.05,2963.39,pwQ7f,R,nsb7t4E1,arNiT4Ny,g
62,m9,6935,2036-01-10 02:31:25,A,-4845.01,-9508.34,Kr98w,n2,Kx,t,oC56cSTx8
63,cG,4106,2050-11-08 23:31:32,F12,1074.45,914.067,LHDUOZUV,WCBNFIi,hr,4vVNcy,VMUV7KGhqJ
64,CglP,5727,2026-04-16 09:55:39,GaFAhAS,65.8116,-8694.77,neQvaPc7jp,n,eml1,tltE7Zvvx,JJTtXl
65,5AxINWIQ,-5109,1973-10-09 10:08:12,iE,-3137.03,119.916,0SRB8bGy9W,kpmwN3XN,yM9MB3Hrh0,87,sDc7C
66,1mQSSv,2898,2034-04-13 07:00:48,KrnnjJfe1,511.754,2640.89,GESsPrfDdV,c3wR,S9J3DEgxB,W,x
67,9sNUwa,-9256,1983-07-14 19:16:04,jiefUVl,8715.52,7868.25,SEAvU7,cHhjFPT,k3aVksUxte,5cJL,J0amka
68,sMOUk70QOh,-4813,2017-04-12 17:14:46,Y8Tk6tWlbK,-1029,-4206.7,K7GULRYEUL,3t,s,5YSXfOas,JtFRCsj3
69,d9CmfG,-4716,2042-11-27 22:58:24,d,9645.65,-9291.63,e8,C52pOfVaV,K,Gno9qyj,MVBjlbhr
70,IcMjbcY8,9384,2007-03-20 10:25:35,c,1006.26,-8031.49,K0,FCj,zYvrTg,Cble6Y,9ULT11wt1
71,XAm,1457,2025-03-22 18:26:32,KP9k8TjGnH,6931.53,4100.49,R1iK,FQG,X,b8Su5Is1pd,b7eioHasPO
72,zULONv7e,9353,2046-10-22 13:28:33,h4SBL5ujI,-6828.39,-3289.07,dRm,2xuPuxR,kWDBF,O6FC4i,TqqTb0
73,ZpWnX1Mfd,-4190,1998-09-15 09:26:47,Yj,9333.81,-3827.93,t4BWd,Qy5Ztp1bph,xal66fBk8,MHM,oKNhHxWE
74,ouv,6387,2055-02-18 22:52:19,S5OWSAdz,-213.257,-3242.61,vFhj,psC9,Ftf9SABcWX,43nLwLii3,r3D
75,y84,2550,2018-07-25 21:09:31,ejrIJf2b,5997.42,-5534.99,zuWEm8Q5,CQdu,7q,ee16AntObC,yotLU
76,Jc,-8520,1996-03-20 23:11:57,FKNV9b,538.637,-9194.22,t4PYjYfq,NCb,LhOo9,x,nGBw
77,Nr2VCR5dYr,4410,1988-11-20 21:17:51,wvATG,5650.32,-7746.16,2Zmt48,Uqz,Jo9s,cb,YhcV1Yukt
78,qZI7M,-2792,1998-10-04 23:57:23,Sfhg4,3144.4,-5206.15,hbHpepR2,JZiUqV,69AqpJ,VPi,GxgPOe
79,R1,6505,2063-07-06 08:04:23,vF,-8944.24,-4037.32,4cyMJ,SLl,RcrgXusIU,FW9Kxk,p
80,SlpkKP,147,2043-07-22 10:05:48,w6,9470.88,6377.19,ZgM2T8Ua,6i,BJjzbCNCE,tOn,wZpmxS
81,pY,8108,2001-10-13 21:13:45,RcSwwssHK,9174.93,-8595.91,fF,8mWok4ghh,cDpiP,7gndPHdfx4,QivZX0
82,E,-1872,1980-10-18 18:50:27,aTTwuuR7mf,4812.21,-4221.94,S1V0A8,nXlUiQ,pzjuI,wsZionuD6,QvYZE6sy
83,PCG2m5f864,1569,2061-06-05 03:34:12,OA7,-2184.78,8174.54,gWEzgCE,XcToa6g,ZH80V8b,rdpU,Ix
84,wL,-4680,2018-08-17 21:32:23,LwsfUJtVi,-2000.45,-8077.26,yI0hL,Ny,Gzg5aP,WxMZ,roJ3j3LF
85,OGEL,-696,2052-07-22 19:54:14,03aZ6,-9211.52,-1832.39,PbPXpP0wX,u6UUKc,Muk2nvF8Ep,rY,U07DR
86,fTnbR,8513,1978-04-16 07:54:46,5PAOvgwiHm,7738,2177.54,iO,Y,qd5UOG,O,C
87,5KOxWw8s,-4229,2012-11-13 22:57:37,6drWtYQ,3018.7,-1499.62,x20OmC,y33,sqf,p,x9T
88,2w5TyZE,682,2000-08-04 09:24:02,yLlpRNmTB,-7891.75,8307.86,Ep8d,tjx,k,sgUkCCsipX,sXjF1U
89,SY,-8498,1975-03-03 15:44:17,JqRA,1606.52,654.518,M2jE1G0Eu,5hv,Bt,Mn23zvkdcC,Zo
90,lIcTWLRK,-4004,2055-05-17 02:21:26,gh,7376.44,-7080.86,E7Gycvbo,5DZHliEHZr,3TPaf,l,yij8NJ5que
91,GY0tdIZHA,8768,1982-03-04 01:45:37,HZXR,4103.28,-3221.88,9gaY,omp,BD,yY0C,t1Y
92,ZNFBb,-5358,2067-06-21 04:16:51,sNvdxH,8878.58,-2893.56,W1X,vKIn4iTk,JXu9,L5U25eyqYq,E2pJ0w
93,kLfqU,7788,2014-03-17 17:52:41,110yFNIfe,-1170.08,-8104.69,1znBEt,vd9JYz9,hRWkJ75W,B,6EPX
94,gPV1De,-715,2061-08-28 08:40:58,xmVRyPQ,-1479.58,1778.57,Xbbo,dShhnap0Z,4D4e,pV,n0
95,HvEu6eu2,-5161,2019-03-12 18:24:20,U4iSqpgn9,5894.66,-592.119,GLDBgps4vC,9zoof5sA,tTzxBWu,kwYAsxoFq,IQjp
96,SavTwj8ucq,-4864,1992-10-30 04:33:49,pwg,7661.66,1678.87,MtqB0vAj,F,lDX8ft,YOcd7U9Hj,bbyhlqQYO
97,PdkELb,-6015,2060-07-25 04:59:30,KHNf,-1121.42,-8473.31,n,pKqSoo4cBK,0,Wtk2cC,XzYdNUTcck
98,Lg,-1473,2022-10-03 03:28:01,VnnRJucfWF,3900.97,-9375.13,AKYvphZ,EaG,Al,vf5m,7SryTHv
99,2xLB4MPxM,-6908,2010-04-03 19:52:53,fN8SnLkLkV,1240.32,-9681.68,q,9U60Y,paW45cAfdM,C4q6mco,SXho
100,xT,8617,2017-11-10 04:10:05,c0hGq2n,-3663.51,3240.96,2,m7,yF,inxi,nCfuV
101,qDu,-3073,2050-11-18 00:16:48,qDi4d,5234.85,1284.66,rxH,K,yu66FSW,q9rl5J,Cls4U8P
102,EuZoci5,-7255,2057-11-09 21:17:05,1,-7867.08,-1007.57,r,deA,T7,iAa,ur
103,9SvzmWA,-8884,2057-06-27 07:12:38,0Xr4,-1902.13,4857.09,lSiF,R00Ws7,pF2Owi,jAFroM,cgEhA
104,W,-2292,2029-10-29 06:07:42,eAC4,4273.6,1900.5,ea,b10FX97Lqd,IQBEYC,CAjr,kMW
105,gxPiR0,-4602,2036-12-20 08:55:27,N,-9595.17,-742.997,QeZlpRG7,3cHrcatT,cPEWYeXCZc,rZCu,5Q
106,XQ,5396,2024-09-18 21:00:32,d7sjOE,-9121.97,7790.68,gz6,E470z8,Mh7uTTAK7Q,a8LtB2l,qCfH
107,PMqG6,1802,1984-04-12 03:26:10,bgVgXdYeTJ,2697.07,9956.51,0Kh2W,OVx,Y2,sAO4Mo,KKScp
108,lugRiS,253,2042-08-04 10:02:36,qt,-341.466,-1939.94,or6,54y,KlsbR97WJ,sq3nG,wVyp8IVK5
109,RQtb,2598,1987-03-07 13:51:08,TLBNPPqTi,-939.904,-6670.98,pY7IR0,Sd4WAiFIWg,1mSLXX0EXB,zIb1m,5TTRHt
110,F9qeU7r,-2954,1980-06-29 09:41:51,rUdYasCl1F,-3879.36,-1763.21,wu3HsehJp,sXvUmsbanm,ph8M4,D,4f
111,Fu0u1bOHbr,-2749,2001-07-28 13:15:18,C6uay5T7w9,-9866.65,-5713.49,xZE,qia7,w,QMC,hG
112,85yNi8DIM,-3219,2044-10-27 08:51:04,gcJ3B21Z,8430.26,7439.19,i6gIxqL,pjcmbget,lKTq,1E2t5e,zztZpNEQN
113,FF8WuWN7q,-572,1994-11-28 02:19:12,Ko4VM,-7888.15,2025.3,OZS2MAn1f,n7Vw,pSLNsiX,j9IQ6IIwu,crZnx2bAY
114,93yKtKRZ,8776,2036-10-11 05:53:13,on,8478.07,-3240.74,jwFFyB6A,IZLndROm,ARK,w,T5
115,xd,-3729,1991-03-15 10:28:35,TqMyB,-536.13,6151.29,D5x,ux,irkDS,udSysCwPF,FGScH5LyZ
116,d5p,4360,1999-07-23 14:29:34,B,-7482.14,-2088.42,vExbjF,tLKhUw,5iAmGtMWX,BAbEQV,cfG18sKkRs
117,Oh,8863,2045-01-19 17:00:43,S9,8562.08,-6008.67,k75tg,ccD8NT,OVII7,nLVKtsT2l,HUvUc4tW8
118,Xzw52A0,1222,2025-02-27 18:25:16,9gXOFpO,2120.57,-8491.64,ser,mvkJPGT64G,j,Y14LK3jST2,tefS
119,Db3d,2012,2008-06-04 15:36:06,aMtF12EWUF,6897.9,-6135.93,z1EX2kvsBJ,ovTwJk,y9MmBdLGU,gu,eAEZ2bW
120,TmzZSG4QoJ,-5827,2065-02-20 11:05:35,O,-7145.67,-8687.86,avCz4IMyLW,zAyxnms,uW7HVeQL8,tEvE,fZmU
121,nKz,-1761,2003-07-03 13:56:09,D,-326.4,9176.95,Nge,shwPvKF7,wGrpJYsZwu,7,XVQ
122,uo5E,3210,1989-04-24 03:22:49,318cOJmGq,-1362.38,7021.19,duT3lHpAq,9a5w0WFH,f,e6NXHW,G
123,jYUp4yCyLt,1912,2002-11-10 07:29:57,LCLnNw,-9905.18,-4252.12,4,IUcxnGuqwV,vveHf6,WWzd9jl3Bm,8NFst
124,EgFQ7,-5606,2011-10-13 15:58:35,9CrLg,-7348.58,1039.62,BgTvFKY,SZ,fm7M,NRY7K,F
125,o,9344,2030-10-22 20:32:12,wSwgDMI71,-3439.47,-8911.81,MAdPctMp,BRSU3ZTE,Rbguskrt,4,jWkjspdOS
126,ZyZPIanSq,-8769,1989-05-21 02:07:59,obwgs,5636.77,2311.64,sTuCPTfPNH,mGDMdPmB,vKpLjwClcd,XO,B03q
127,aU15Uhpq,2223,2039-03-15 01:19:05,FNM,8542.67,-8101.41,sWQ,pKRqqVZYgv,Pf42c,ebuxtzcDqX,iqDACTfyVD
128,J7Ts,1123,1995-03-09 12:29:23,PpEd0o3b,4648.2,4971.76,GzJHj,Ww6ynx1t,xP1eD6e,9j3LJe,rmqJ8zp
129,YCr8cQt2sL,-68,2036-07-29 05:59:10,2oMVQ9SY8H,8946.83,6203.28,4qw5f6r2,jmRqa,KFdzpCcm,X7ASHp,yCG2ptfs
130,QaMN,8200,2017-02-26 01:29:41,EJ,-8814.87,1524.57,KbH9Bi,OWeptpjZD,6u7Xq3k83,M8g,mj0SYFtn
131,Y,6442,1980-11-07 08:14:40,7BC,-2084.2,-128.574,Yep8Lgm,Wl7vrsvyok,2sHBDG,97IqcJG6w,OrqL
132,EHQyiqFiw4,9961,1997-02-20 21:15:53,NPoqB,1022.64,5003.06,xDblX6IY,PFJuW4dx,VqJ,cp3dq72zh8,BuW
133,CecB49,3355,2064-12-12 14:27:14,dPnx,879.725,-2895.95,W5fzbTjlnd,uMXDCe,O3YY,dZWOf1H5,M
134,8VCCQDNZK,-556,1972-05-08 12:04:01,W,2397.52,7133.45,HDlJ1XnIOb,m,PNhfW,2,t
135,4DWHh7ZQX,6275,2047-06-20 15:42:52,ho47lT1wI,-8236.98,-5856.92,pYMwaa3k,NZ5Db8ON,h,5iZ8l,RsUF08
136,oGuk1pI,9269,2029-05-18 10:22:33,n,5236.66,3973.9,1gU,x57,v5Ih8V,BpB29wiotw,Hmm
137,1TrAd7Edi,642,1997-11-15 05:39:55,mgG,-8902.59,4698.9,C4jNeESBYu,3,ENk,4,wLdqb0
138,7TSIVhKG,1700,2024-02-04 21:50:57,x,-2687.63,-3463.25,qkP,f8K46Y,dXBluucV,enWJToX,czeCqVszy
139,e6rEAn,-1305,1989-04-26 10:17:23,G,7438.1,1773.54,IO,cP34f,4yMIxYzJxW,0D,O
140,eJBKsgF,-6263,2039-12-26 10:43:37,frw,5508.76,-1050.41,FFnATV7a,l9,mhLZHEs,RjBKRS5QV,nUa
141,xTN,-3181,2044-11-18 18:37:21,9,448.516,6545.88,i8Q7v,N,oHKfkxXBQ,7JVvVJZ9C,X8O
142,zAvBwJw6ZB,-6417,1976-11-27 14:08:03,9Y0xipo5,1457.53,4743.28,SOwIbs,Ts4NI,430Pr6oxcZ,oVYZzh1,9ETBPVj2
143,l7D2k,9882,2012-11-07 23:45:28,NPdt0S,-2597.8,-6667.26,fcr,vGafAmy,ram6Fa,qqS2zmRyX,jvvBL1JK
144,f,-4748,2062-12-29 18:12:33,IebGOx47M,7594.13,-4274.78,gQ,AIMkxPeW,CekZZil,ffR5dr,dZ3t5auk
145,Myl6,-338,2022-04-28 21:12:06,vZlPm9L,4600.76,1922.21,MscM6guW,9ZqDI,ShSP81,a,VkD6f
146,80PJQO,961,1976-04-13 15:27:35,7KVmWON,9040.09,-5263.97,AeVubOh,aByGMCrN,ycQInINg5b,xXsoK,HuhgLJ
147,tuw,6067,2004-10-14 17:52:59,ZWROua,4533.8,-139.272,GH6cV,l1Jr3eWK,3,Zwo07FwR,qWMXP2
148,RZ,-3589,2033-09-21 18:54:39,Hq,-2067.44,-6506.77,75fE8,2,BvK9Q41aAc,77y,741zP4isz
149,c,4426,2028-11-24 19:35:11,GPFi,-6914.76,-8443.08,W9TOR53X,9UNbqolDe,u7GhFbYDmT,f1O,wkLxnqVtiV
150,QOZ7,-826,1987-08-14 18:27:45,OgT2We,6903.62,1976.19,F,zrL7,pW4d,Ujtpwib,pw26v8C
151,R29yc,1353,1976-02-25 08:54:39,Ki0tu,-5987.62,8728.55,wYZJvfyn,7R7mBfT,MI8NQC,oCrtMkegtX,SFcsQV1
152,aNtPpU5P,-2471,2007-03-05 16:25:59,T,6332.67,-1989.23,JUZp7vRER,Rq1kFgC,mK3Ba,Z4S5,uYGhYYQJc
153,Tm,6075,2068-06-30 04:10:11,eBJ,7021.74,6834.53,9oEhmn,nl1y,r66vx,bhR6C,W
154,WWaZpXBNT,-288,2057-01-26 13:12:52,Wte,-2537.73,4352.97,D3dKAc7Zt,xsdK,Fz0x,9eWAMi,alnMEazWv
155,1LfF,9842,2025-08-19 12:56:31,RxYa9RNSQi,2733.64,-5347.14,VYODjt,OCFptULbY,FUWHOG,Hf1z,3A
156,urDstCid,-2801,1988-09-03 16:02:38,67vHalFctG,-3839,-1133.49,eAEkdFiCc,nEd,JVTfbZ6Gr,Rn0gS,ckrU
157,NGmT4Ie,-1460,1993-02-11 18:47:49,9rHaZjoU,-4894.84,559.285,UxQ,5jiGT,CN,BCuwxXcD7,KyPojH
158,qKah,-9141,2043-11-28 19:32:38,dNUT,3918.85,2127.51,GVAIIx,V,geKqpq,wJ3FD,N9gpqZ
159,znMTjNHY,-8013,2041-11-20 19:08:12,thUTryXP,7460.53,8114.67,21NXRfb,hcNrgWX12,NaAteINIz,G,JknF
160,BU7LiBd,-2349,2051-03-05 06:58:38,2coiOY2AK,6245.36,-6490.69,oyLepZmY,LB44UDlpBe,boWJ,Zrj9,V2cl0qdpj
161,G4Pf,5442,2059-11-04 10:51:48,bWv2IpSE9,6206.51,-6253.44,zHtVkkH9,vI5iMIuG2,4cbJ,gP7n4SIN,80GxZ
162,v3,6715,2005-11-09 13:44:01,jgXirx,9615.88,2677.03,7Mb4,pXGemm,X5i3,XV,SZWjm
163,Go13nU6a,9878,2002-10-18 10:14:00,1tyC2aVA,9513.72,-1447.14,jtdNfQm44Q,T3F,SXycL0k0nr,RCV151w2,NfVxiuSZ4
164,zlIzrvV1Te,-9241,2017-01-07 11:45:43,m8patyh,-9899.18,-4888.76,0Fh1kp,vpWcOEjUbc,h7,Pq2q2W,V3X3n7Ybf
165,TIF,-5316,1990-04-28 17:54:48,Pyu,4486.04,-2090.59,l8uGxQtEG,V5pHSAUGC,h91LR,wCyhZX15,yW
166,TTO,-9704,1977-04-10 05:26:38,Pjh77t,-7441.85,-5947.9,8mmsqL,7,Hzovr,n5CC,nUC
167,C5Ct,-4024,2024-03-08 11:42:15,ww9xFkNG9,5385.56,-9182.16,Igcd7,vl07X0F,u2Ni6Dy5,RDmtGCJ,N8JW1Ce
168,M4Pppx6,-3125,2003-10-19 07:09:31,m,-8140.47,9738.06,l9kGrZWoq,M,MNZ,gm1Twgk,541X
169,Lg0bSp,-9039,2010-06-25 07:33:46,Hoz,431.378,-1463.94,GEcC9ykxgG,7IRcW,1rhYXkI,C,xO
170,pigH9X,-350,2007-03-04 16:02:33,QzdU8pHxuV,-1145.1,-8363.67,X4ZsDpwU,LsV2y2GLxP,GOuH47qa5,eAgqGL,hgjiqJ
171,9dP,260,2027-12-08 05:18:22,y0KR1,-6462.59,6001.05,Hf2,qzzV,wdwO,Tk,7NyDBjycD
172,PuCR,1962,2013-02-13 22:57:18,w5,6878.05,3624.36,C,Uzx,yv,uvHn51qIGZ,PSm
173,EGoywC,7762,1977-09-11 21:46:10,Iuo,9224.4,470.485,5OLDwNHZ,IynCZAss2V,beyrnAouC,VHnlqWONb,bjjuhPY
174,uYGR,-3562,2056-07-22 23:57:15,kWC,9196.36,8778.82,UtmTUt,pPVZmbfLf,7gDyWKin,CIY4,lsA
175,DkL,-6060,1994-08-19 23:27:47,zRy,-5195.98,-9117.21,NQcts,1ZDAld,ofz3fB,iR,XaagFs1y8K
176,TN8Vt5W,-6024,2003-06-08 14:06:30,mBx5VdsZOl,6024.23,-4615.96,w,fIAUMKn,J,PuUynVrk8,PGLmGpkHsm
177,w,-2808,2023-03-12 04:42:35,V1Dk519MG,4742.87,-2406.83,NPqIaevmbX,My4UfUCJhu,1eRIPABzW,2VEYK,cuOLGCjyA
178,KiTJ4Rme,4100,2039-10-16 18:40:19,P6yc48J,-2328.31,3831.23,qttYgj,Ux,A9dpu6,tD7,wm6yctHm7u
179,8rBc5bYdC,-1498,2015-07-10 22:34:46,k,-4497.64,-2345.48,vDk7yL,OF7Nre8VA,Qrmf1LdaQr,k0FxA5IRjo,vD49qOi
180,yJRyibix,-3463,2068-06-01 02:39:41,ksf,-5265.36,-2373.72,Boe10cQ,jc2JJYNPK,Z8zN6iZ,zXM42tZv,Shw
181,QyRpSUD,-3376,2054-05-06 14:24:44,qnx,-1037.83,5547.65,Mn,abRBGg80,sB,ks,MI8EN19d
182,YoewDA,-9134,1982-06-24 03:35:46,D,-1749.39,9920.57,wuKT,o,AVoIxfkxn,Zb22M5H,auIhj8pv
183,gdc4gaQ6h,3455,2015-01-18 08:47:11,9YGvP6c,-1516.58,-5241.73,FF9X,qXRO,Xy,oA7kStW,eozHNK
184,rln3IhIP,-8305,2033-11-20 11:05:58,N,6599.63,-624.552,bMs,wUO84f,o0OZ,uAKiVi8M,whULfzSs
185,BgKj2Bu1k,-8657,2003-02-20 13:33:53,e,6685.46,6957.72,uoCBVgK8fw,Vn3a,US4Z,x5,JqadB
186,SXdBpXj,5745,2069-04-22 11:41:28,B,-9895.06,-173.207,EDbFM1zpV,czjSg6,LZpczT,OhSTS96lju,4TOdwBiei9
187,m2LkEED1e0,-9110,2058-06-06 23:07:41,pW,6882.12,826.112,Rv7PliQ,aAUDjqtQUf,cpp4OE,vQBp,Z
188,hJNz8vDcr,2729,2019-02-10 13:35:58,sxFpd,3222.31,6432.6,wp2Jbc7U,AQ4,G5RY,rM,QS711zIoC
189,2N3BXSbUH,262,2050-04-18 13:52:34,808,-4181.4,8757.35,BQTYbf1Hn,A,a7X6n,bsV,n
190,ESRdRkF7,-7277,2048-09-05 20:42:40,Hv2,800.271,8461.25,Pc9BEaYc9U,CzoBX,IP4Ql9s,brsVV85O,V
191,lShTy,7083,2053-02-06 02:21:49,wOhmOZqo,1566.75,-2050.57,S1,YNwkH15T,L2,pxPDj2xa,x
192,rVhjhz164m,-74,2040-04-08 19:40:05,2o1Sr1Gg5,8033.19,4341.92,EzDmWx,c0RMRUECzP,l8VL5,GYcpHdhV,N
193,MMj81,-4846,1999-11-23 15:20:46,ae6cDLiU,-3206.43,3466.11,KGSUIp3S,xawl8,Cx5,lDSU17c,KwnR8
194,bsgxA7F6n,3901,1984-01-15 02:54:36,1o0Jzk,3725.35,8639.97,O0E,SeGXW,lBJTCVGC,Grwq5,7p
195,ciFEf5i,8067,2026-10-06 02:23:18,nkm,-8945.52,-9153.18,6XCPkirZ8,59EVy426fV,m75RNam,IBlbZy,YeUPThkh
196,WhTp,-227,1993-02-28 14:16:13,q,-1509.14,-6773.06,XKhZLeot,ECeSJnO,f,LrFK349qv,jPf6pv
197,w,7570,1971-11-28 14:30:41,e,2947.23,-3991.69,vQTugn,zn8LrC,7S7mQFkd,dZu36Irf,xbiz
198,XrzPLuj,-316,2014-01-22 10:50:17,kZQjNZ,4309.45,-3299.44,uVvuYO,qviAZ,Gq,NZlF0K29Ky,NlxhH1XF1
199,yZ7usmot,3494,2049-02-10 07:20:11,o9Fbdy6,-3555.25,-2798.95,qpDUOm0Ft,zQUXm5,sOpBPq7kug,S1Go1wMl,j6XW0I
200,wNIrLwYR3,-9232,1971-07-29 15:32:26,lEbVz,-9433.32,-9042.2,CLIIU0chF,lh4rdJJRRX,b3Ke,dI,mdtGkeYk
201,2JTFQLcUL,9610,2052-04-02 18:05:53,N5,3893.79,-2351.79,g7,N30Qtj7Ju,2Iq4u,awE6,3W7vyzSu
202,DQi,-2,2045-11-07 12:42:31,mFEgl4Q,-1581.03,-8156.63,AcqpF15ARH,lwHfyJCW,wk5OXM,HrD1YYPV,OaaDpwV
203,2Dap,2935,1972-02-26 07:08:44,lqpL,3376.55,-2231.52,lB4LHHg9Jy,6h,vY,8p,8q
204,0Oq,-2663,1996-04-20 07:39:45,ZH0BQkm,1843.01,8087.3,R1f92gPV,6MPyqSzSg,sLu0t,dTaS,E
205,wNUqlX,-2015,1975-06-12 07:54:50,PoCXB,2143.08,7774.12,cl6U9W9,i,jZ8Vf6Sn,Jj,759
206,C7d,7144,2047-08-18 12:03:53,Q2FrYP,-9045.9,-5215.04,Wf,cbj5wK8zy,ooj,x,8xog
207,t8zRq,7631,2019-06-09 19:08:40,O06sdgCgA,-8105.99,-5936.49,FB4oy6bP1M,XSq1gqwGV,q,hJK2D3,87KggrzWLn
208,ATIvI9,2638,2053-08-13 12:04:55,r7qnMvf,7943.82,-6162.41,yKB75g,mO04i3ay,fb,WZcX,VGhW40W
209,AyNrNXeU8,-554,1989-02-10 23:06:04,GrK2s590BM,5524.33,-2759.89,TlkhLSNA,vg,VQEp,15n,htq
210,Ix1s4LjtL,-6720,1986-02-28 19:27:54,DP,2979.87,6048.58,hAkdoAf,i,ek65,XpLV6e,KXC
211,LrbKdDf8gN,5033,2038-10-17 20:12:37,bjZlaV,-8846.7,-8730.27,tFwFe3,0wAr,tBw,3v,aFA0Kl
212,P,-5239,2066-04-09 23:41:22,dO1wfqq,-1490.84,-6722.9,3teM3,zd5,YJqfY4,4PGKMhG,1M
213,7YBH9rUIa,-4912,1995-04-12 17:12:48,46,7685.3,-9224.21,cy38XGuA,XK73,6e,WNWjHs4Hra,lkLC4a
214,Tg145,-5659,2067-12-10 23:03:49,FungaFZ,70.8343,6973.51,x,s,3W42ny918,hmIL6T13,v
215,r6HP,1141,2037-12-08 05:05:40,YfuV170DP,-4476.23,-2774.13,S8aprd,xZqu,j,9KesjmAyN,Q
216,6YRklwV,8128,2065-06-21 17:06:51,DEXXKbxMW,3441.52,176.672,qCsT6,JybynGsy,lMRi,ILG4o6I87E,L4Vor
217,SEclqGuB,-2545,1975-01-31 07:20:37,vhBCy,5099.94,8508.24,g96Q5,GVXI,X0f6,lN4kNKu5,AC
218,eo,-1715,2022-11-30 22:23:59,Jfm,2257.82,-9041.84,CPj2DHMT4G,T,s,YIuX,Nh8kteXNE
219,rz3,-9167,2003-12-21 20:05:17,1WyacxC6,2044.01,-1455.96,GZv,b,zPAPSJ6BeO,ZY60lUDuA,uV5FA5OnsU
220,SGe0K,2925,2034-08-12 07:43:52,M,2510.78,-5762.36,8,tbt37,xARkK,YM,OBPPSQjmtd
221,VHYN2XkMB,-2004,2018-09-06 23:09:49,go5y3j,2495.35,4020.26,AT1p,qIqcS1LCUB,6SVafTnw,UUnOgjQw,JEx
222,BElu,-1725,1980-10-17 09:40:49,SyExl7pRz,9580.72,9947.88,JmCN9MB,Px5hg54I,Lt9,Yc0,b8
223,LGQv4miXc7,5399,2028-10-03 08:08:58,f,6662.6,9414.32,1M6gkbRQ,6Wt3P5sAi3,uer31RkyRk,O,NCy8Imb4jI
224,kqib,-5342,2066-07-11 19:37:36,vfZy02hCfy,5588.14,-4160.68,KlOTvM,vZwSUi,K,DK,SZWhEX28
225,USPeN,-1555,2024-09-14 07:01:51,hbNJV7b,8337.68,3758,788g0FVJVN,hdg7jGW,m,5y9bY6mRvF,62dHA
226,DPkrjXlQay,-1672,1990-01-27 00:01:57,X,9703.82,-8997.56,ajYdSQklE,Eb5v,J8,S8Kacxhhl,90
227,Nfy,-3971,1987-02-21 22:53:04,wncLAN6py,-5359.88,-5209.32,JFZd,i,33pcl0,6,0M2D0ozdtL
228,oS3,-8767,2041-07-27 22:36:26,PYxToEMCU,-9784.25,-9420.81,47YI,8rc,uV3qOXi8WH,WPyZWmw2h,hzdFaSOqt
229,Ex,-6612,2001-02-24 13:45:37,exdfMIefC0,-2562.18,1727.25,aJpoqKP,Jd2A6c,cdzmmCi4,EhWVIBg,4
230,FgtxfYJv,9148,2036-12-18 22:27:30,S7CG8jq,-3970.28,3533.23,YLjfmtnz,r8XVFMgnq,HwumVWoPB7,HHZ,DlADJ4BM5
231,rsne9o,4461,2048-10-02 12:49:14,84vI6NSi,3085.61,-1086.07,3A,4,kr,TlnZMmM,h
232,QcQSePXbwD,7080,2059-12-19 07:40:01,G,5057.08,-5757.9,sSkl7,R,D62cI2,MSUYvtP,6V5
233,4cPorvPQV,1857,2024-01-10 01:21:14,C9qMy,1827.74,-3766.42,VO8Se12,mSfePErr,6,U8TQ,n
234,CA,9573,1974-05-08 20:42:21,BIg5qQgr,8076.16,628.938,NUy4bx,iA,5we6,zduX22W,wThXQFiT
235,oJ8uI,-2237,2017-07-16 05:38:03,tuYZbINm,3153.44,-9064.26,xaT,TSxgD9,Q,J,ZNmxOunC6
236,LghXkaOh0E,-9292,2039-09-01 03:25:57,BacR,1166.24,-1259.48,ij7ExpU,Gr9qVhSCD0,kCmpW4,BUcQ2TxYZI,r08VQeQQR
237,T4RN,-9055,1982-02-22 01:28:51,EZ3kg0ut,-1549.37,8653.12,D1,Mi,NfBCik,nfwkL,VIwbhlCCTB
238,g,9772,1983-06-03 08:20:06,agxq,-5094.92,-2897.65,Ah6DO,jZ,cN,pyXzaVt4PU,2Nbu
239,PZ6Dv7z,9883,2034-09-06 22:47:32,GPS3,-6265.61,-5074.66,ia,A,aCMaeogbg,GhAvN,7o5DifZ2Ao
240,PYQHMiMBLi,-3114,2046-12-01 23:03:30,zCq2C,-413.807,4051.98,HW1Uwe,k2yp,LU,jJ,ow66
241,Lr8trWJ,-7985,2029-08-14 11:14:18,hUd,3559.01,5630.47,rfJ,yRql5wfxz,fhVATs,dH,HloXJdF
242,ETxqzXec,-6299,1980-07-20 12:26:03,5Z6HJ4I,-2612.08,-9143.55,B,t8vHt83Kf,GnM,HyBh6B4k,KLIOBCTd
243,Fwrxm8bed,1134,1999-12-20 21:30:47,HOxyFk,-4603.44,-2698.29,DAhqY,9I9KSXrH,t,FW,3H28
244,3JVKesAc,-1110,2041-12-06 23:35:07,u,8545.02,4040.83,WpbKARjJK,p0C81tRqgK,NxZQL2Hs,X7o7VtfLj,lJ
245,gxuRz6xQI,9744,2041-11-29 04:22:01,OSVpUOp75,9311.91,-813.957,E507D,jo,UizAcbZ6,be,07Cx
246,POpFfO6,-7597,2055-12-14 15:36:25,Bw3Ng129KW,2894.54,783.473,Xq,izO5rikWmU,2H,X22z,Ut3BqV
247,cFE,10,2034-04-28 17:54:24,wO,3180.7,860.66,C,lR,etnP0td,Xe5YEmudj,fQ
248,Sxtpay,5520,2012-10-29 01:53:31,BkNPR,9718.71,8102.12,XpbOu,rzeFDHm,YxuccPs,rjKyu2zAP,r9r
249,BXmdZ,-1098,2053-04-06 00:37:32,o4ua5F39gP,-1091.84,-830.059,rcMOfV93zy,1,9PifR,ZDVcM,xJ
250,cWrb3Ezv,-5571,1989-07-01 21:14:08,tm,6957.62,6431.73,f6mJE,GTlzcvvW,F5WIFAOmg,qbOkWSPUaL,khR3tphDIF
251,kNSIdkHOC,1936,2028-04-03 00:10:45,XQE1v,-7126.98,-4072.27,GRfjBXACu,9PSsRA7ifl,NhDHXC0z,ghv2O,T
252,7,8238,2048-05-14 16:33:40,VBoxfxW,-2601.37,5086.31,2u3DDX,d,TfZ7zSISC,yvGlvm,bY9NpJpH
253,0n9n4RZLL,-9919,2014-01-09 05:53:57,3CjFj,-8151.3,2769.87,DXEcxR5m,oFOlBERq2e,o0,eaE3sU34,P1kFDA1
254,zGgCfSvJ71,375,2003-12-11 22:53:52,WKGvORf,6152.72,-4501.74,8htuIBA,0luaeJ,l1ll,QQu4N2wHM4,ZTvxG
255,ycAZAx,4180,2040-08-13 13:26:57,uTFu8,8222.32,-2588.57,sU2M,wBJu0b,Z,6FpJE,awkyEyaJo
256,WmhFZI,-924,2000-03-08 15:18:02,1BeLYO3nM,7898.62,-3709.4,xUZru,eTwg,m,yK,6qCp
257,1diuB4BIfP,3113,1993-03-26 14:57:11,adMGszED,7843.7,-9974.62,D8jx,KIOc,hbBABErOQj,a1au8,Eu9XP
258,fAD2xca,9124,2046-05-24 04:54:26,KjmtDG2k,2775.61,-1457.71,outWoA,yL5GK0UF,G,lLK,Av0fc6uuwB
259,i1v,9135,1990-09-10 10:14:03,IifD,7445.46,7569.62,vKcw1,bKcx41UrW,LB8TzTN,TotI,QGkGM
260,JHE,6095,2047-08-10 06:25:59,h,2839.12,525.499,Ufn6fgdaf,HRjiZt5J2,bh14wAy,MJnC,IcJsUxaS
261,vi9,-7165,1998-06-29 20:24:44,vze9,8345.63,-1622.64,3jhfIYx7zt,Ix5r6,y,brx12,kDcBkhoPk
262,eI,2202,2004-08-14 11:56:32,VU8Ga,-4062.72,5622.39,Yl1aM,1sCDVNV,C,3Gt4cB,h2GNA6
263,Ov3Ku0M0d,6192,1999-07-15 01:26:00,7IM5BNTL,-5371.76,-2680.52,KvFDubqI5,Sei7LjBj,97G8h1VAm,rXB3K,MpACb
264,veEvDAjF,-6268,2064-07-27 23:56:08,2,-2429.81,-4586.79,W84yA,htHmnao,Y,Zl3Dor,60ba
265,TJgvQXyR,4829,2058-01-08 08:31:41,p0,-4958.44,-2941.34,5,bKTW5FN21,xhJdYRKWfE,1n,20WkdNJ
266,fiqIz,-8879,1999-04-07 09:08:52,uG,8966.43,9483.25,zHMsLe,z2UE,2NjtyEGjh4,5,Z7ln
267,YP,-5913,2011-12-09 11:10:58,u,551.787,9054.75,b5a7F,CAh5Ew0,AzuKDDWie,p7kWzRZ,sb8M
268,51j6K2o,5360,2022-11-04 14:49:16,lyjbeXve,3117.65,1250.54,NoBiP,4ufXXf30H,vFAuv,U9,X24XdMqks
269,mx1,6926,2005-01-15 21:59:09,UvfD3kkS,-812.061,-497.239,zE7rHXj,Ui4,9oSuMz4X3k,99A62V4Ym,SdLJu
270,4X,5597,2050-09-28 05:50:47,7,-8177.07,-3585.88,sbgYde0cg,J9,f,FZAg,MyS4inad3
271,F7bOUkH,-5322,2023-01-29 11:54:36,Gn2UI,-9705.4,-8676.59,2,nfDIkgMk,omwIAzY1a,MK,i8I
272,tj,-6508,1990-10-29 02:06:32,FzZbIKen,5195.04,7168.76,gJkbmD3,QymDxuZl,bB8iD4E6MN,X8Yq,jhq
273,i1W,-9738,2034-01-22 04:36:58,57GLSU,-9590.85,-7729.92,tbiTigyV,camoryc,Cb1,uf1g77D8,onbdTRoAS
274,fwTLsPSVdi,984,2031-08-23 23:39:45,XpWpg5bd62,-6845.4,-1200.19,YGAs1Ni,LLr2xJ,vMHHEmCk,g,L15u
275,KFsG,5496,1982-11-27 12:55:41,1jxI9GzLTF,5517.78,3646.63,tgB4MMaF3,DWIT6HWy,O7CxFcuA,Aple6qBk8,v4DuX
276,scBNvKr7cG,-6118,2007-10-12 06:59:29,ft9mW,-4915.06,-5893.73,8ARvpbHC6J,70LT9a71Y,VVJO4WIB,rDvm,2iqncDT5
277,xY1,-2375,2002-10-08 14:46:53,Ecme,-6222.09,92.0713,r4ydXtij,Lc51,ckw,lAQjtx2CL,LE
278,C2kcz,-1065,1994-11-22 22:14:01,DlcV,977.04,8042.24,EfLA,b,GwfZG,Obd6IK7p,7Ezm9
279,b9BBA,1879,1996-11-01 08:33:00,lBk,4663.66,-3458.82,y3x0vUMnp1,6,Hew8ed,EDr,jJptt0fVg
280,LrZhvchaYh,-9066,2013-03-22 18:52:36,A3VR0jlu,-2243.68,-4328.72,SPzP56L,o,k,D,Y9E9z76jP
281,Bj,-3716,1985-10-31 04:25:06,pLo,7353.8,-4270.72,rr,8c3Tuv,NTlVM,wnamSwH,uUo
282,FvnP,4758,2058-08-10 02:18:58,o0shR6Z7c,2411.21,-8850.51,1cYG,ETrFplzK,9uOnnH15C,6G,D7vhm9
283,0cZ,-6648,2002-10-23 04:00:28,gv,-772.271,1851.12,phqutg8,y4SSJW,966GYDEVii,1xj7Rvppb,lUJPSn
284,kYsE421Ugp,3942,1977-07-01 03:28:49,x5MhVU,-3268.17,-1322.06,c,AbcyjXFo,aJo8pwYH,FuXT1IEmn,r7eeRXx2GY
285,BbSNu,-6450,2053-03-25 04:39:15,TSA7z,3505.92,-5636.89,r0Ljpdv1,N9IUlLQPvn,A3PSJ9yi,XTAO8vv8,i0Rg
286,b,-8611,2049-02-05 03:18:53,mNTbp,-2437.23,9948.9,bP9a,qe1P,9ZgEo4,jLVi24,BA2
287,2V5elMLx,-7937,2053-12-15 12:44:10,psR,-2695.01,2343.27,GGiKu1wRS,2a,RL67tb,rNdOAmB,i9Ht2
288,p8LxUu8KOj,5621,1980-08-27 17:22:00,q,5407,-3565,VJSw1UbgOs,5NtQu0xt,LkC,ZOhHVtLn,BM3L7
289,Kr,4010,2064-04-20 12:15:46,glmLGtGST,17.6923,3053.39,aU7,kATuFrj,x5aom,NF8qS,kv8
290,EXbCVl,7308,1995-01-18 04:55:26,Viop,-5475.53,-4003.79,CyC7gbFIYX,gOOGBJWb7i,QAkY,FAHvv70,WtCuO2
291,6,2472,2026-07-02 12:45:05,xM,2546.13,3801.28,hLM,cpip,ByToQPY,fJEM2,GgUz
292,t0Q,7962,2004-12-07 16:02:58,JoRLI5O,-7840.74,-2205.19,GkHLlgY,h4,C02lD,O,t80HWo60
293,YQU6R,5923,2048-08-08 00:05:44,PpY0Zelg,-4305.05,8252.37,pFmv9qb,1TJwF,OTlRtb,zSDd8omRV7,Kn6KE
294,GR,-7441,1992-05-08 17:29:59,H15XZsa,-6108.12,-3291.29,o9q,yzN15l0,HnXBgw,4HKjAoq,cFkcNo6
295,Lk,7744,1981-12-11 21:06:46,01nk,9033.56,7783.6,JZwt,XnfgHp,d,7ztEAm,R8Dw
296,GDi3nzxA,8141,2001-10-04 22:08:09,fjT3Xf,-5001.27,5956.97,Ht,Q0SrrRh,mjuu8zO8,cyrM,d1WZbu
297,x6igxeON6K,8480,1979-12-22 15:14:46,x,-9577.54,-4115.05,PMO,aBxJs,DNA,Te,XZHCk
298,6jXb,-8359,1975-05-02 22:17:27,hqwKK4A,-9809.69,-8238.3,U1r,zcaQATm7G,Q,9BY,rKB
299,cdy5w,-9794,2047-03-26 23:22:14,2B,-5315.69,-7394.44,XihDIO,oZRrQc8,Z1EZNOPy,Hwy3uXGBfh,h7
300,o4UAxs,8452,2008-04-21 22:23:20,oFYzWfxmSO,2366.29,177.513,XkIrveb,0,4Ou943FvK,B3ejc4,GzKhcfS94
301,RLyB7,-9912,2008-05-24 09:53:05,6saNOnZx,-6560.79,-7386.09,QPo,ZheKU5eye,K,ZFfdSB,KU3
302,sVBg0UdYRn,-1215,1990-08-28 05:59:20,iMpbPENMA,9546.41,6457.97,7sQ,wCILjtVd2,e4gUSa,y8,m4A68e
303,CB,-5562,1988-04-23 18:40:50,WObXrd,-2215.1,-2076.53,iBcNdaCJ,mdh0a3Uiyf,ZcGpPbU74,WH0Mvq,DhEV
304,kq,-2994,1987-08-31 12:04:37,EyKfHf,-7691.08,1734.14,2sNP2b,24KYmogPTO,FzakOHrEZ,LVdNc94E,Kcv
305,zdqZz,5669,2051-03-01 20:36:54,VPiVU9iUV,-820.54,-8060.18,SRs4mHH,qT0DoAqLP,kcNFzUCvcM,nxS,Ngp4za0E
306,5P,8360,2002-05-14 12:47:24,S5lvz,-5903.33,7918.3,mDIRxPNh,tQWY,9U,DmM126,oS0r1cYtZe
307,Nzx6ce,-4343,2064-10-19 13:32:36,nX9ZV,1961.19,-7378.77,Z,tZZn,6KslLy,tt,v
308,Pu,-7111,2022-10-02 06:39:21,AChSSXVas,4939.48,1747.51,ITid,ng3JU,WXvTaG,j7,4A2gzlT
309,9B3L50,2376,2050-04-07 21:40:26,KgbJ5JdoSQ,-8904.33,6683.25,BSjKCJi,VPnBW,mG,e,lu3cVJ2v
310,8Nn,667,2039-01-26 02:40:03,j4S7QRaK,-8564.28,-7834.99,fBcVdi7o6o,2fAcy7o5,1ZiF,P,qj
311,WtO1JDn1,2425,2049-10-28 19:01:46,JksCOJhX,8319.84,197.062,ML3QTpA,Gk58E,5d5EV3Q,yGFb3jEM,q
312,oWEGR3AANd,1317,1986-05-22 20:22:40,9WA,-4663.32,5908.05,x6fxu,6D,FZavw55J,jM,6HEU
313,HIJcMEVPU,7538,2028-03-20 00:16:07,L0tlT,2368.88,-9846.82,PHnyS3ag9b,Qb,dtkNzop,H5L,t5tFi3QS
314,kwSHcu6M,-2768,2010-10-18 09:52:49,hm,-7980.5,-1518.43,41yUzUo,WHj,H,4Fztg9E3g,qKp81lQc
315,PPeovc,2498,2069-10-15 12:40:23,7Nz,1208.75,1487.82,aSAB2K5i,VYV2XS,FtIi,CXWH,V
316,9H4kcoUm,-870,2007-09-29 21:51:37,sPIvcYO,-5808.3,9614.22,CNM7Qulpl,Y5LRN03F,9JEWDmIQdQ,7L6nUhkLaX,0Vrplh
317,NudQ,-7582,2010-09-14 02:18:00,qkoB,-7000.27,-9200.28,iVR9x,a8HjM5hw,tVT9g,jH19yPzE,0KwEHzA
318,A,-9190,2060-11-07 16:53:56,zu,-8515.11,-1110.88,Yx2Mi1NPj,pNSa8vbtKx,LjXNYxL,cs,7GVO0CScgM
319,N4sYEGOf,1073,1989-03-11 04:04:01,T37yjS,9073.81,9031.93,e1XpKwFk,jTUYGR7nxL,GdRYL,wS2R,lTeshwaLf
320,mu2JzDEd,-9394,2022-08-20 02:18:29,MW,6814.52,-1064.66,8U3oJKH,Y0,p8vct2,v42E56,uhVg210g
321,YKvvO9yeg,-9969,1972-05-29 16:32:25,LAO,468.126,2533.57,p1cOJxA6u,1mAPk,PZr,6,4N
322,Nsn,-9774,2008-07-31 11:23:47,SrKALsTJ,-6621.48,-4732.27,KKDvWTNSj,S,WUpYXXrQ,p1Tdxqatd,xWTqA
323,koJSo,-7880,2036-12-31 08:30:26,dax1WNLot,-7434.43,-9154.78,lVGQAwe,Zp4a0USU0p,j4PDC,PB5Tgsg,ZLx
324,mtws,-1235,2066-06-16 16:14:23,KdQyF,6168.15,-2728.2,WsFDdHh1,fsTkdtlAYk,NB,FOLSY5u,2JLwcZPa
325,j11cx,-3832,2051-05-14 14:20:36,L2T7ezBP,2773.32,-6169.22,7V,NC9LfO0,vZ6n2,706tEu,oZxdxNY
326,qw5vq,-8135,1978-10-19 11:28:25,63KFJ,-2845.96,9064.33,Kj6eYc8wd,L7QP07MpaH,cq,EoVrLHIsZd,x9qijog
327,j,2688,2047-06-28 05:22:32,vmFqdJOOY,-7972.58,-1586.41,iz,woc,t7h,TMPhPT,arOJTMUC1
328,irkGm,-3149,2028-10-04 14:36:23,fcz9V,-7236.3,7237.27,hXUVE2WyW,F4LznJQ,YlOYmG,HfkpaiU,wlIleI
329,Uobs97DhId,-8162,2056-05-09 07:16:16,XQMhHc,6885.6,9797.14,ON4mD,H9NMwYtV,2Yhfd,Utyi98cTmt,pdaoQETu4
330,WiL,2212,2060-07-23 19:48:41,ewxaCcKu0R,-8270.51,235.609,qWUYkoTPgv,XjQaF,ZNRuM6,C067rWN,RB6c3uOJ1
331,GMM5Id9,-7692,2016-03-07 23:28:41,j,-2219.22,7418.18,UGwosW0Q,i5i,42hi6F4,wN,GmzN3x9k0
332,8Utx2,-5777,2057-04-30 04:04:46,0lH,-8911.08,-1851.98,LAjeryzlyF,nSnCzS9gu0,SpP,8tY,f75ibHmvq
333,ojT,5345,2054-10-20 09:59:31,Q0,-802.295,-7435.37,m0Zoj8g4,3bgz6G2d95,uHV5zVOR6,VKk7iO2zP6,Y3ME0e
334,4H6Q,-9401,2064-03-08 23:56:00,QbSbSgNCU,3748.58,-6016.89,WDRVCR,csjFFZmTnC,poJ5,2y,FaAObQ
335,OS5k4,215,2013-08-07 16:02:55,2X1IXxY93b,-7031.07,8898.98,xpbE,x,BXvcAaBjlw,0HO,UwiA8r9z
336,XIKzt,-4837,2011-11-14 05:09:25,VlnZnEh,3629.09,7818.54,LDk,KkXEGYdv,UfI,URnmv8e,LrfXLJe
337,ZmewIoE,-8923,1982-08-18 14:39:09,Wn2jO,6373.46,5166.39,oME,2qiBP,e8jeCoQi,9a,wTTod2
338,TviiKBV,7243,2010-12-07 10:27:37,iluMdO,-6712.48,-8801.95,EB,V,4,AIWt3dL,mU
339,2uWU8,-798,2028-11-25 09:33:42,HB,-958.298,-1850.62,5iOxT,6c3QG0,fu7x,Ggb2ldn,5XY
340,oBB7,-4070,2037-02-05 13:04:27,tbfq,-8531.64,1325.47,tEfcg7bd5,Dk,64lEISxX,N,KCn1fJ
341,RSgeSxcPE,2264,2027-07-11 09:58:51,hmra,-6638.14,-9223.66,chuPjp4gz,AQZ,9jQEL,CGGIl1,Z
342,PyDdRH,-363,2010-05-26 18:34:35,KhHLJwAb,-2771.69,-7355.46,ht,Ww25IBb,ut,3Hmu,q
343,mdfPib,8591,2060-12-13 03:43:18,VcvyEdLeQV,-8513.06,398.456,sXr1g,GvuFLzK65,AJU7i,nsuo2HE,nI
344,1,5055,2037-03-22 05:20:14,OA1pQkbcj6,2442.11,2475.13,Twe,xV,ejprKoBp,aX,Rk11ENV
345,JS4XHJ,-3161,2024-10-25 19:36:27,1CBx8dPq,5099.73,-9012.61,E,QIn,X8i,l9HS,x3DwogtRr
346,qD9nT0afv2,-6687,1975-06-09 16:16:13,GvBDt,7851.35,4119.45,4PZ1h2,GwaY,6dfgHoFgwM,yI,yv
347,xYOR,-2541,2057-11-25 05:02:56,2kYSTKmfs,1110.38,-8287.56,QTtysyaa,8xMVt,CMmvLC6jy,LXe,wO8D1qRm
348,tLN6OsMj8,-2065,1993-03-23 02:33:37,mw7ADBfgR,-6709.82,2778.5,FHCL7jUi,dfM1lB1pO,v,i,1VoOuU
349,cXVFZs,7829,2063-05-26 20:35:09,tiWXl,-6649.59,9054.49,v9J,I2LwZ,mgHc1Z,I2zGiYQrm,pTuRG
350,qvVzoaFj,-8366,2048-01-11 18:54:13,c0A5KArki,189.428,8584.44,C2b3v,7SaA,7BeMURfo,KHrfZT,E0hgQjL
351,awqdi7S6I,-7125,2048-09-21 09:14:25,SefBB9x,-365.894,9529,e9w4wJOI,Pzo,O,59,qdsVr
352,n,-6585,1972-10-20 07:33:57,q7ZO,-6369.08,2161.43,RUV,BnO,Wql,99TqOT,kxhjT1
353,9ENJipP,-9798,2001-07-19 00:42:18,h23zH,-4430.2,-69.829,kzhzmJ72A,nGyeBiBXnd,oX0,1,MZ
354,y,2229,1990-03-06 23:50:42,AIwkf6,6336.05,-3109.71,FtRmIbLjc,PPWQgjI4W,oP,t,p
355,EphjWz,-6235,2028-10-22 20:41:18,M4nLse0y,-8800.26,7855.18,49,VK1egC0,Elkb5MxOPh,ODjYxd,HgHviZdec
356,i4GJQLCTcg,1775,2003-02-24 01:16:05,Fw,-8780.87,-3901.49,s,M9HZQA2,sjJi4q,HBFE52nHp3,9Abr
357,8Sd49a8,-8020,2006-10-15 17:20:04,ThjuAcup7G,-3510.95,9011.72,GqJ5iNX,fMw,cZnu8Zoq,H,so
358,XpU,-3339,1983-09-15 19:14:35,TYf9,-5015.74,9690.07,73NxW0CEj,6kXZRp,ogR4Ce,S,O
359,B,309,2063-09-23 09:21:55,9z5HrFkt5,-8855.07,2569.55,z,7,yefiIlFq,nPz,ZYLqbYMJfd
360,7QOVztVE,334,2055-11-02 01:57:33,j,-5727.12,5240.26,9,zTPyz,VENomrNKmu,HXMPNiS,mx4MngSA07
361,pp,-6609,1997-07-22 14:28:33,CkNklnghmn,-7850.69,3620.12,cLoeP71d,HzoBn,IZb1xJwBA,vWwIaGYpm7,AWLHpXLnF
362,bVLTQeiJpJ,7128,2027-01-25 23:24:32,9,6448.19,9753.77,si,4IpAmPOPN,vecZ,eJdLZ7AJ,2Jqt
363,aGP3lhpHb,-6869,2066-01-20 01:03:28,PuuZtK5UW,5657.34,7677.22,ODkeexaNhj,u9gOlwp,LswLePz,sR,nF
364,C9c,-3712,2025-02-24 10:01:47,LsW,-3221.62,-3859.12,5GO4HGe,7EgCCjV,QXYH,cqfkwgZkK,g1MTu
365,Wgu64qX,7732,1999-08-10 05:25:35,U8,-7330.87,4416.2,EI5huM8XP,y3HYeoy,tNaG,lSTR2OD,jtlMhbAWV
366,10o,-6794,2035-11-15 07:10:04,nAo,8519.13,-8230.27,zmjw87XDhm,DQcFU,G5DH,Z4uZlaTYwF,R7owcDh
367,ceByOgg95K,3915,1996-09-05 02:43:17,dwPTD3y,-7801.64,-3204.31,WEW5i2guj,3OfOPA1LcV,kd,h7rDa3HU,2BKF2F
368,4fV3Qzkf,557,2044-06-15 12:39:28,ZZi,7076.05,2265.94,bUMy3WZre,abpqkhkUU0,kCsC,6,cgSkK
369,x7rhEOpC,-6107,1976-05-19 07:57:44,a,-6258.22,-2899.82,DI8Kzh,a,03iGHoubm,oU5R,IHQTufe
370,s,-555,2045-07-04 14:14:19,vniAtG,-726.386,5591.66,4IB8fcrE,joxgH1NUmT,fXK7ZrvyxU,EpYgg,RcNhHqa1QV
371,8ZyVsGiN,-8165,1981-02-15 13:08:16,q1gxPct,-2344.94,1761.78,TXC,8miJw8FM,5YL,4b8,wnDvEsNCGy
372,OwnHa4LfL,9037,1990-12-01 20:33:25,QaNprahnyQ,-6729.99,2506.39,iw0sXq6d,ohKlVv,Vp6Ar6q,bGXLZzhoa,n
373,d5OKIphUfa,8303,2002-09-10 12:06:15,1hEi29h8M,179.927,-4726.74,EsbUjZ,jvD6bTbzOd,2Az4NdUU,fJ5zy31g,Q
374,1qc1mWr,9229,2010-01-27 09:19:25,7YC9Yrqi,-3478.59,7619.74,kku6C3OlVN,NpQiETDI8,P6lAmVXyv,cvRqOGpehU,9ElkOX8TG
375,G,-2199,2061-07-21 23:55:47,NbSUhb,4325.48,4478.63,cZ,JVOGZcU,gDMUxSv,CUlR9,T
376,y,9518,1974-10-23 09:41:43,jnHoIgi,3843.34,-4396.73,h3e,G6udD7,W2,g,VM
377,QAcK,4470,2061-02-16 04:52:03,kyboi2U5,9006.3,-459.545,MPPz7m,afyiiK,hex,2cEz2,xIQ
378,hYyEzCnBSZ,6631,2069-07-20 04:59:15,xODWvnOOle,-3525.71,-5916.39,kQH,5NeWQ69Ty,bcVY2UU,mBm6orBB,bWuAd
379,FmDnccST,6950,1994-06-02 22:03:42,YSl6Mo5,777.447,-4240.31,wkuHBXHEw,OjaC,V,G25T,Ak9kicxpbL
380,BgGlvWbl,-8203,2015-02-20 18:24:41,VC,-3490.99,1589.46,5JHxqeh,J,poK9,USDgsLt,j0lQngrZ0W
381,i2zxM30Mi3,3605,1975-01-03 12:13:59,oNSkDLSICH,2004.5,1841.28,ezun,glhGca2X,so0o,JL,eZ0Nb
382,NMx,-1108,2014-11-14 10:50:08,05R4zp5HS,9472.44,-1620.8,vP,xbg8cp,qMmnB8cUAT,ak,owewHajdZ
383,fdWUEF,2567,2042-02-11 11:33:06,YXMf,3551.36,6676.78,zLDddVU1Da,R3,VD,3QfXbo,DVl
384,VxE,-8529,2011-06-07 03:01:51,AWGHd,-8973.98,9535.06,uwxt5yDHw,QGQEivkjY,ZYXMelM,85g6GAmTf,LpzOX
385,d5f,5542,2004-01-19 21:04:44,7,-4266.41,5129.08,bv,v,30pl9yfd,Mt,U0bzPNb
386,frVHYkwHu,-9199,2023-07-30 14:41:20,GctgFKV,9747.58,-4532.4,pvtqxb,yPU6k3R,xwxB,BCQSCUaX,unrdnUkOMn
387,BT7CMiGtJ,-329,2019-02-22 19:58:20,qMIGAGVG1,-4001.32,7920.46,fhxYoCp,AZVXaOfM,mZ3TNQ,Oes1JuZ,yX3
388,EnMm,-3418,2065-11-08 07:05:30,xDZdpob,7437.37,-9995.23,C6UE,tN,Lm3Ha,4LsGLVG4S,KsCSt8ihfD
389,Eqm,5147,1970-03-30 15:47:14,63gsCONEH,-5754.05,-7869.19,LP,5Z,M2M,CVU,8AC
390,63nD9boIA3,5761,2030-09-02 17:58:44,0ogSm2p,-4092.08,61.2059,dV,E7xU1,u2ZR7pAxh,jopA7,3
391,Tpi6b9D6u,-4007,2037-05-30 19:49:13,6Hi,9345.74,-4473.81,k2ukksVv4,N,Lz,LMKIekcg,Jh5ZLKAT
392,W2yfvL,3603,2002-09-21 11:38:36,zQ,668.271,-140.824,Sq,PxUQ,9fi20i,L2HNBX0t,F8z6bKJ01
393,x5Ugaf,9518,2012-01-28 03:04:27,p,-4215.63,1212.22,r1ZPtWnb,Qe,SGTp,YTOBwLoR,hypkCJN
394,oWq2b,8621,2063-04-04 01:07:04,ZTZwn,1306.98,-4254.07,Dw9hB90Nz,e90tzknte,ypSzRB,D2Vi4uix7,bj3Hyc51
395,PSgGlon,-4061,2042-09-26 21:24:05,64PcPMf,-9073.71,-3369.31,uD6,OjTiRb,0Fv,fJqstazno,QjQEwES19B
396,ASbThZ,-2021,2040-11-14 11:57:57,HtZVJQPK,9140.8,-7601.59,uM2,FaDhaTPZiR,6b1tM8,ma,3
397,cU,3771,2038-03-11 10:04:33,3ov0WU32Q6,-1519.8,-4092.98,8D,v79,9q,6Y,hujHO
398,RQ1p,-7254,2008-02-03 23:47:06,s,-8438.28,2158.39,U7hc,2GnV7,13zaD0,Ujps39mm4s,r0rV
399,XQsg7ek,-2203,2044-02-22 05:51:54,E,8237.49,-6960.09,TMZK8j,Hz846klIQh,W7,J,8l
400,W7Nne,8478,1973-02-28 05:01:16,e7VClzU,8403.72,7830.48,AJCXSB,CZoGC,w9Q6,EuXM,hD7kH2dvH
401,Q,-1414,2053-06-10 05:42:07,9waUO34XiN,8031.5,3620.84,Xe,lrESW,8RExU,mhpnek1JFU,N
402,0Ch3SKNa,4343,2038-04-22 14:47:55,3WEr6U4qg,-8045.61,-3319.02,v46CngQ,cV0e0pZ,Ct0nnt5,Qb7KGQ,bR5McOBQG
403,M5h3,9589,1978-11-01 07:21:37,ISzlg,398.308,6761.1,0D0p0E,HBy,NHnVg9Kg7,V5UYiIyv9w,pwjHH6
404,0dpU2bDLFz,-6023,2040-12-11 15:58:54,lm1KMUT,8226.54,6335.89,lHhwdzO70,DxrN1mD,1ODR7Rj2iB,UU6zq2snF,lpgkvotD
405,k1k026YfU,-8955,2001-08-23 07:03:16,Z9UFhBt,8100.41,2034.17,pQPI,3xFQDNGa,f7kSkEz1j,3Bw,kymqE6298
406,as1Rix,5824,2052-04-21 13:45:09,kg,-2437.69,363.144,jCnj7M,dr,CPdYbSM2,nXP,L50d8pVI
407,zUHBW9,5202,2042-02-02 17:14:37,4rAtPB,-3163.14,3588.68,2eJt,fqQN,qwL,WM8Yh5L,Z
408,g8yh1Fc,8396,1976-06-30 03:36:17,GHRbp9rHD,-2985.24,-5226.2,6TIPG,o8TAkDz,umUmDZyh,cEF,p
409,cycbCqXv,-5284,2003-04-14 11:24:55,4YSvt,2788.46,5178.82,iu,r9,5JhTP,PA,M7sig
410,t,-9274,1992-04-17 08:45:28,FoBBNbqI,-6911.74,-655.138,gNBLJ48Vi,x,w,BbEIfP7,TBxmXPFjT
411,bnPQf3Q,8239,2043-10-29 00:24:58,FTAqI,9610.43,-7394.35,eGyx,4,f4,BJlQ,bmJKH253
412,JA2m,94,2037-08-01 15:27:33,SU,8094.66,2499.82,SL,92W,bmQOYTi,O3MlC0,CBeGz1sEIk
413,uhWsfj3R,2556,2045-08-10 16:23:44,XkxeK6DV,-8205.35,-4513.3,4jlhYwW,jyySfrz7pB,AJ,lHMn,YUeeo
414,PKRoO,-4743,2042-06-13 13:42:54,e,-9106.77,-8347.79,eLBCbbgLbo,N4o,EkzT,IyNaD,l
415,h,-3212,2011-01-12 22:22:50,eH6kyjr,-1364.49,-1761.7,Wlobwi,9HPyzZzHs,rJ,DoQt,GQ2JJ
416,E38nhr5Xm,-5315,2017-07-12 04:54:09,PpzvtD,3017.81,9912.32,6iw8yk5bv3,HefWHN6iur,iMZuUf,mHQqk7OyP,2
417,QHzns,-744,1994-01-03 08:21:57,wwjH1BNZ,4335.19,7432.88,d,Zs4VacmIy,CEcRCy,zsF,324YC
418,Gro6BFLoq,8750,2067-10-15 21:01:18,7,9242.9,-3868.87,P2,qIPiNh,tQXHsQV2s,nGD7rosF,uoV2O1v
419,9i,-2395,2050-04-23 05:52:48,AdWvqGQp,1335.03,-4098.52,gKVaZCg0up,hc7r1W3,e6nE2NSYu,U6fv8g,Frh15Xm
420,ZekUF7,4824,2013-05-18 14:50:06,pf,-2845.39,6926.59,him1sFv2T,IuSlOiNDD,pp7gx,bP,fYRN
421,YdiX8BaiAG,6254,2052-01-20 15:44:36,RRAI67Af,1353.84,2895.39,7g,Bc8P2HQkT,XRhj,SzDDd,2ibM5
422,8pi8HZ91A,-5109,2048-08-21 20:47:56,SGNikp,3959.59,2394.05,81,3PqJBpHbee,xT2,DHZ58e,1TbdruYiWs
423,DJiknd,-4217,2067-05-23 06:37:45,GS,-1928.89,-2828.83,Q0ZPu97,M44KmjS,56zp,uehv7x,fs0C2I
424,QJf68,-8471,1973-01-26 06:44:13,IyrK,8361.92,5358.11,bI46tbTg72,VxY,Xvog,GyJfRfAhQ,m4ucoDy
425,21H,8087,2018-10-22 08:56:08,gZ,194.249,-804.681,ZTlW,iUwXp7,mVQIm,I8DpRxd,NPFQG5Zd
426,n,8903,2008-06-13 05:20:45,Q,7678.65,-3286.9,wi6ZeWN,yx8PXl,OE06JHCiLM,fRsKv,hay
427,UJRZtg,9340,2043-10-06 10:17:16,2l,-9956.89,7066.5,eW,Ny11jeBpTg,lSMBH,SS2tfVDLCl,31NNjG5
428,BAVsgA,-9966,2041-12-18 13:10:41,sJ99Kzk,2009.11,-4581.22,IAP26YFt8,pGIF,l7Bclo,QO9lEGEv1f,XpWSdy06Fp
429,tIGcZ,3366,2040-11-19 01:10:37,DiamA,793.255,5416.68,VyHNk,sfVp9,DIh,mWFNv4Pdy,y
430,mubSj,1514,2003-01-11 21:58:38,s,-2198.64,5866.55,pL6jIhM,9,Z6GZS2Nfc,UMXJN6WX,CgJ
431,D,6998,2060-08-29 23:10:46,VWtyP,7932.09,-5744.56,8dmRDBkcX,jK83rawN,F7x53g6Gr,FPNj0QLOU,v
432,Ob,-2859,2039-07-16 12:26:01,HVCcohyZt1,-3041.78,-5311.21,OXu91EbzWn,o3XzU,W0yB,xH7,SZY3p11uj
433,h,-6751,2031-04-23 11:02:01,aCObg,-9455.38,-7750.16,xa8C9T1Cwd,sjEEfjmO,a90SJ43nq,Rd,bqRYDy3
434,vf1,-8595,1986-07-14 15:28:05,M,4348.77,-4558.18,xiG,srt9,1HU,s,beF
435,EhHTrpIo,4463,2033-10-21 18:08:36,X3SVUx6VK5,5024.72,-271.728,Cr4Fv8LaB,0j,AahD,1,MAkgwsne
436,GirHlhVhN,2082,2024-05-25 13:31:17,td9R,-1347.16,-6209.05,VtEXaaq6,3y9dTSdd2c,x7IYtY,7m,X
437,tzn,9098,2061-12-24 20:48:47,ywDZXW7,7962.63,-4284.48,YXtexEc,Ht,6FCfgOsr,bHpw,vc6jlPOMAq
438,t1xrrQ6zcs,-1600,2017-05-10 08:06:30,nS9d8pAMz5,6132.99,2460.48,GLdaR,SmpDHv,LbQwRZNg,9,dcea
439,Tu1,2099,2016-03-10 20:51:13,B18D,-6897.26,7505.29,R2etcQ8,wn0s,rVQhEsY,HjwOyfJ,5
440,NXpiG1i8,2067,2027-11-11 19:11:15,Fo,-7318.26,1051.65,g,FT,jImKT4,BrMiZ,YuY
441,koiHxtN,9807,2062-05-23 08:09:35,4AGLakEi,5114.11,7983.72,Qvk5VoLJix,mv,y,4hsq,FUvcf6wl
442,uanAhSu4h,-9701,2049-08-07 21:49:32,xY,-8133.88,-1220.03,4,qXimjrgi6D,YY,zFQ,AlTd
443,1O2vCFi5Jo,6736,2004-12-21 04:18:19,0h,6208.44,8389.84,vhjmL0hd,KQz3Y,JTTg,e16H,R
444,WrJ7Y9,9830,1970-01-01 09:15:42,ERzTsOeszK,2227.74,6749.57,VnIRQubw,9zr8TcA4X,JjrB,STnsve5YDc,pkA
445,SLFnXF4V,8961,1978-01-31 05:41:18,rDu,735.004,-6454.06,YZxNG,i,Ncyy4CSQ4,uLxVtH8O,8xF
446,syUoOGT0r,5545,2006-07-22 16:33:25,8kzg9U,-1924.33,9483.66,wDwN5YGOEP,aqlFQkIf,rtF9,SUsk0InT2,tGJXB
447,N1Ytajbu74,-6068,2060-04-02 18:58:15,eCp4eOh,-5151.64,-858.142,T1,Va,ot9iaZb,xvGpW,W0IY
448,Mi,2496,2055-05-29 16:41:57,aT1oiSgR,8675.16,4199.86,Aj,1yXw8kS1X,BK9qQssbLV,t9pMEvOfb,Jk
449,6UEsFb,8523,2051-01-23 05:21:32,7h,8231.26,-4163.03,08haWSWM,WCxKIhmS,0hAscl,2VDz,gD
450,izsApMF5x,691,1999-09-13 00:57:40,UBPnH,4289.7,7942.73,QDyVd,qMu,YT6,lgBrcJVl,X
451,XIyt5,2739,1973-04-18 20:39:29,AU38MTOpF,2904.92,-2138.52,ekEaZZ,9oyw7XY,gCbyu,bgZ0gR,EKS
452,RYoqn,-8371,2024-12-11 17:11:52,l,-667.43,-3826.48,wAmaXX,3zr,9lgQoTlD,onoCxtq,dAQ9w
453,M8Q4,-763,2007-09-04 04:34:17,bDegZr8hz,-9154.57,-2856.3,517nYujb1t,L3rPq,ki5GF,iSjzM,eXisS
454,ovvretF7UO,5731,1996-12-28 19:13:32,RYsyi,6151.84,-7925.35,TYmJR,rgRgaTT2wK,NtH,VhM6Pdty,Os1zJtIvCu
455,tNy,-5867,2001-06-24 23:30:02,sOpr,9652.38,-5566.93,qYDWh,Pd5TQ1Ns5O,hyTqBm,W8ePbwDb,hL3
456,ePqdqHF,6037,2055-02-22 00:29:14,mn37Q7jo,-7322.97,2076.12,3QQuvtcH3,KfgO6taS1,3KuRv8,7IML9,SM3m
457,kDbracLyo4,-6948,2045-04-09 02:38:35,R7mjiWj8zP,-4723.72,7142.08,rk,htDcuXv,Z,L2S1,T6nLRST
458,g,-5630,2066-09-01 01:52:47,sYaJB,-4982.54,7686.26,C,CG,s1nR,KZ3Bucz,iIyLl7BD5H
459,8tlySoPK,-2658,2001-07-18 18:28:12,28OW,-6762.24,1305.18,gz,5HUar,2cMcbX5Yyr,Qho,EN7fGi
460,oizw,5346,1999-05-26 20:07:14,TjeP7MJHX,532.987,-4064.95,z5HRcH4,4y5Cwt,YgU,gP3Awm3ot,JmlUQuALZ
461,AweoaC,-5632,2016-06-09 08:19:20,g2c68zS,287.827,-1172.5,S,ddYdO,Gw36CUa,ygi,cApoK
462,IwTh,-1066,1971-04-23 23:09:13,yWFB0wUV,3046.48,254.725,OYka,u,d8doTQh2lQ,dyDTktXz,bug6HH
463,FhJ66P,8215,2042-08-30 23:34:26,A,-8892.99,-5737.08,hnLnfgNRd,vTjB,8xcn3,X8R9IovULd,43ImXM
464,lt,4510,2032-03-15 08:31:48,smk,-7747.51,-5316.28,aGHMcx,ZVDvJ8Kj,OVO,aend4x31,ABPLzEreLV
465,g3ArPV,3640,1984-08-15 08:56:57,xonv,-3117.83,1377.7,TD,CsxzN2n,J,BaV,f7adnD
466,FOsiS,-369,2037-09-19 11:01:19,ju8fr,7390.58,-6379.9,kJx3,sAo5,4hfw6,E,fWIVV3
467,ImmJBSmc,-6987,2008-05-21 07:12:46,jld0HrSXG,-1794.75,-758.044,m,NO4K8,KrvkmgF0,aBgwv,DX4w1um
468,D9lIgdobyU,8854,2041-04-21 10:01:56,XSim,946.097,5502.02,f,RwqLsll,aQp1iuLwg1,lt32rsT,aj24h
469,u,-4391,2001-03-03 02:43:40,K2VHOJP6t,-7763.37,-607.8,wv8us,7If1lKD7,uHemG2,YBG1354syb,qxFrTu
470,7e,2311,2000-08-17 18:55:50,BXI8Rn,9610.15,-8502.9,s,3l6983woH,k4rzz,bJpT0RIB,k8RujXeYk
471,ue8823,-7437,2037-04-05 16:06:21,sJZK2,3364.7,-632.585,QmlJ,CQ3yYeP,vHwiWyC70,Oz8Ih18,lP47
472,BvS,963,2056-09-28 09:45:03,pnDswi,-1496.04,-5936.06,q1SA,R,HtoZAuSx,oVF,k
473,hUP6t9Oi,-6520,2038-08-11 03:22:25,17,-3280.17,3789.55,g1RUOLLJTA,rWp3GAb7o,y9n2J8nMe1,SU4eldUPn,dYyG5Xo
474,A9VYRA3ox,8918,2069-06-28 02:56:32,kZ0F2,-2335.26,-9350.98,BBQKYZJp,K,FvxSUgm3OR,703,BWZsRYe6
475,DbfCxRj,716,2056-02-27 05:29:39,TtR,7445.46,-1179.64,Tp8UJuc,p,d,dhuR22PYD,Z0fVaYv8Qq
476,wyq7gPKeLX,9256,2049-02-06 12:45:25,EG,2866.47,-4147.45,xFt8Baxczs,ycv,wrTsG3V,tPhuIwx,e211q5QDSt
477,peMVxI,-9443,1971-07-28 14:39:48,45Zf,-4182.26,-6544.97,jnYA4tx,WPuogZuBgD,L0KCl3,K0mwTQ,j6
478,My,-6717,2064-10-12 07:45:57,eLWrAqN,-7871.51,7926.02,g,cuJbI,4MV1FPQF,Q7Kh,gRdZX8
479,a08m5zKm,-817,2026-08-17 04:35:48,cLxv6d35,4.63854,9427.82,rm2p1U,6TU8OJ,xc5OrE0,2,RfGwow1W
480,dg0MFd61F,804,2034-12-08 12:25:19,auOSPBp5,-9845.51,-3129.72,OLCMoQAsq3,5vDfnfa,GZW,UZy7OTT,cBAR
481,o1Axz7,8794,1988-01-01 03:06:24,d,-6252.68,7911.76,I,0,LyEvlP,I,idvowv4ge0
482,DIvAu,2311,1997-09-11 05:43:11,FMUVGHszz4,-6226.21,4495.48,UN4dI9,PZGya,UAFCCq0a,ZWO,tV
483,8n,8660,2037-11-01 13:57:52,fF7wuwqrB,804.982,-6681.96,hZNhbCf,684,5MjQubo,YayTxg,5DqlF
484,uHyC,1815,1999-11-25 12:10:43,72QYDlzy,-9527.46,3890.61,2nKNVSXDJH,v56,ByX,4Yye,NMaxzby
485,O,6363,2058-07-11 01:03:27,KBZF0omfb,-1930.72,-580.154,KciLPy5,hbhuTpByg,IGDyDpi9gn,2betJl,rHy9B1p
486,BnBI,3517,2034-05-11 06:24:41,9u3ywWOOO,-5311.81,-9399.56,1z2wsVNK,AKqLYIkTNb,x,04ZikwZrB,5T5b4
487,f3xXXD9lz2,-4731,1976-03-26 13:45:12,Kxz7C2nzM,-6348.15,-5063.91,x,k,Vc3rfDz,rSUAoJUyCq,jd8v4uZ3
488,c,6697,2011-12-11 03:41:06,mYD,-8390.35,-8722.24,g0tgWMhI,cdwTn3TY,x2C1Hg5,p9hlCS,34GqVjM6VU
489,lY0X5CB,4787,1988-08-26 18:34:09,Zgwgy9pY,-5195.62,-3567.42,sI,mcSOI0,rO5,D,r5o4Bf
490,c2Yvh,-653,2016-11-25 16:56:33,gqz68os,3003.19,4673.79,Pi12BunAf,uh,xhuPIG9lr,KO,ai
491,NJ9EPIgHa,-2727,2040-02-17 06:57:36,WeFjkD236,-7207.82,2285.26,t,NPhBV8,H,GFW24Dn,hoJg
492,p,1233,2011-01-15 23:41:10,EOYDcTnnl6,6516.37,-4323.66,1FF2JlJG,d,lc,LjAkEU,6CHYX5lf
493,sty4r,-5678,2031-06-05 05:44:10,BimLfdz,5387.37,7769.48,CntirNjb,k,h,fm0iq,oigD
494,EU3GgtB5kv,-285,2005-05-04 03:32:34,v4lb,6032.16,2742.64,Wdd9iR,eVPu,sa,N,ZFOA2P
495,Nb,-204,1988-09-13 05:32:57,Iu,9075.08,5808.94,CmdiMYHwc,0,n,sHpXqNkT,6y
496,ksph3KDx,-3637,2027-11-27 22:05:39,62yhPtZp,-4470.63,-4587.91,2oKoiLoB,W27MOR7QTf,5Tf5,1,MRskcj
497,QRY,5520,2038-08-12 06:04:40,PTNliYQbF,1065.1,-611.278,I,pnVNwEOB,45gOk,rG,HAd
498,EU,-1153,2060-12-21 03:59:03,NVrED,-5978.4,4120.01,BZNmvow,aUkK2l,NzbM9nPj,hRW,GrgYnK
499,1UbX,3063,2005-11-19 14:19:25,KWdWS,4676.53,-1408.53,B84V306Su,bcr0xL,osul,bHz0NzkL4,bK8eRci
