id,Type,First_name,Last_name
0,KW,P3pIz,j
1,rizvoHkIF,rj,qbdsW6f
2,hjJ6,s1J,1mNenur8L
3,wHuVpDdOEB,Leattg,CBMb
4,cIUo,0pPQ,4R
5,Mi7ZUmWg,Cstm69Co,JbrB
6,J4HZ,vm,QFtk
7,bwHJLOdni,QbZzhp7Cy,ZYe
8,AeuRKmiKWj,jp,rOwFsj8iDk
9,f9L0,ykunYi80,OCiwsPA
10,1Ulw,yCajMY,z
11,7FCxnJ0,Nden,T4doDJvS9
12,qLFNS6,H,glVbG9wI
13,FaVxGbGdg,E,ySVNBY23X
14,eTIKO,ZarqZjwB,Oc
15,y0dZp8uY,zJgRIsWsx3,rb
16,n,G1dtb9U,q
17,GU,yjVNNPtK,8zCs
18,IFxK39Wza,9mq,lnnfR
19,4xJgjIYK,BN,LMzHUJF
20,JhtNlNz,P5Is,S
21,V,aDTJGQOi,Y
22,A8SiGBh7a5,70fOMZk,YtRgo4XQ
23,qFx7TzV8,RBDEBHXAi,4YY7ydY
24,MDMuJp,hwTaM,pS7d3Jbrt7
25,rjqlMezbIV,qNQHK,jqUT0lN
26,9kdrF,3BNUyCUS4B,Vt05PJ
27,y8,kyGn,kfD
28,F,Iv,Xlk9
29,qwGTz,ZGFIcgfKpl,m
30,weUGUwBj,L,x
31,6D8bJTm,7zl,qPEy
32,OCG1O,z02Fpcs,z9ZiT
33,oDjqvQ1,Dik73iiZHm,VgB
34,RXwXuMPBv1,5WjEOW,zTjKwF
35,EG9,PdkDxlj2,9JRsGiH
36,gn,fk0nlje,UGAi
37,voqhhfnE2Q,XhWXgbs8c6,Xhk7
38,EtQ1kk,yKxlVHr,iH
39,rSWvYUokYE,L1eDipQr0,LcB8Q
40,6NcaaKKW,TcwIbPpj3n,PLVGGCMcH
41,nY,2vYXBJPx,YvyRdQDa3
42,6Kuzz3c,jpTL1FI,FW
43,bJ0wYT2U,N,hN1vt
44,dWjPs,fp3cYjh,m7
45,FznOrX4P,QSIdA1,fNLPxepTEo
46,OL2pmISdC,lTAPXIe7q,zu9nF
47,A3q,dZK9,zSZ
48,8Xh0Vmg0,h8T2EnfFc,jcd
49,2WJjtR,6Jbd3PXid,rgUNLyuiSt
50,o1JIox,lpMkx9,PRoV6RXp
51,jS8,178OOnqH,QRHw1npjL
52,JdA5,jqlLXH,OSSdwUt
53,9ARs,JUVjM,Jojv
54,6PTneRz9n,yvcNBEv,WndO0dLLg
55,zC,7Xh6g,1AMlqT
56,1PZKKI,1G,T1vk8Ym
57,Qcp8iLpX,pz39,zdOa7JOY
58,UeiSG3iGJQ,HCBmlsO8zn,VHDxHqXpDe
59,oV,xLi,Yi0
60,64Q,tFFwI,C
61,Vyo1,mA7TYRrMS,gTwsSrNt
62,1N0TulIU3,1,r8Vo
63,Bsa,quFis,6Dzy0fQ1T
64,mWl9dI,upmk,62
65,EcHm,w30QJFuqH,8ocEazCSTe
66,5gr59Ri78,yQJiVVchW,RBBnW2XL3
67,pmRb0,no,1ZsCG9
68,2,r3q7O6yc0,v6mHQq9UN
69,fwJyr4mg,6E6AjOO8rV,eWq4FOIVL
70,pKGy,Z1,IuwDa
71,f2,Wp6m68bS,ncEq036
72,hXQA7LC,oSHD,uAM
73,rg,1sjFUF,tVQ
74,NEFlb69j,L7UyXfb5O,L
75,eI9m,8Hf5p76Ir,hbDS8
76,o81Q,AN7FuZ,FRSc5
77,RvCnJ0,pp1tkJA,lmaIto
78,ZQh5nuLF2,GK4fu1Bc5,lNfQySL
79,Wpm,2,MTvH0z
80,yt8qrp,sIqDRW5v,C
81,d3iRqW5G,j,dmv3nDbM
82,N5y2awyAfI,dLSwe7,v
83,uMCAkO,e8Ef1A,R
84,O1uIme8UJ,wVJuZTO0Lq,SSRUief
85,Z,u1,335E6N
86,VtbjqqgWj,XU2G7eyy,Lhe
87,pMq,5hFb,CbaGT
88,Nq,Tp,N52V
89,sTsKGR,dQufK6bz,99Pp2
90,UbAXaCzB,52Sbjk8U73,pb6u0B
91,Jh7,ZEh,lw
92,wpkxk,RIcpz,ryw9a
93,iUs7z,xJki,rO9igIF
94,l7IiCgwgzk,tpdYJvAS4,y3b
95,s0DaC1Yj,iTTt,jwbamV6
96,o7C,vma,JkSp
97,tJ4O,mO6G6K,iqIpAtWu
98,nhoULEh2Hq,mhHn,9SDv6HlHiV
99,msm6jE,24KbfCK8k,lta3
100,ezA5,ABchcfRbb,nvpVh0iY
101,BgR,c0IQ,bRpp3M
102,aSNPnDy,tyLB6Uui,BtZM
103,zCg,A5ud2MeJF,OwDTCepcoI
104,rzq,1DzPJgPT,LDptBgBR
105,OhBHrJmokl,t63fvT9x,jO24Y4
106,JKWXCC33wK,PzgQ8sIdo,spQf75fD4F
107,7Ax3,7dRwI,qsHZ
108,sXTZcpfx,vDhifbvD8,DkNCr5tVFg
109,KI7,PU4kKAGxix,v
110,D,msVp,EUD3waSHY
111,FT2,G,KXVTId
112,m5,GUNbnve1v,brW64VAzyz
113,JNqCX,gnH,u7DVT4rhjd
114,lgRwwxg4z9,kPMuto,ljxjQ6E
115,O9hQUFJ,5B,SlB7Cj38
116,mavqm7Yzon,TJFnRgOOcp,MRw
117,Bz6bt,T6y1OUtDm,K3BJzQhm
118,NDwPw4Zw5H,733ef,20nnoK
119,zNb,25CcB,fH3sQ
120,Oarox,t03dD94,sWhoeyQ0F
121,bFC7z5qErm,AWv,rueYK7
122,WBihx2HE0T,dC,8ook
123,EnL1n,07DxWUaGtd,FpOog
124,hcpL,Upw71b,FvKmMoea
125,f7wA,l,n7
126,2fXlZaap3,LKuLkI7lp,7c
127,FdDoih3,Ys,L
128,Era3o,aDc,FZ
129,M,h4gCACHK,oyyt0m19
130,9t,joD,q
131,N,RyvC,GRh6p
132,PB,bL,l9ahI9UGY
133,S1446O,3buXZgR3,dL
134,cUg,uIUTZKO,uwsLk67YO
135,Zt,WoH,wz
136,T5FaIsCJ9,AnZCz25pF2,Mjyt
137,COdn,wHV,H3oS
138,c,9eWXaFFc,X4c
139,I,N8UA,fP
140,qXTz5,B,rFK
141,N,zd,stc4
142,A2lv,Dxct,nqeSjtkno
143,kam,HLjQyVz,s5
144,n0W,KYgpME,838
145,G,08Mo33,k9F
146,JlHi68NwtI,TgF1zsmSS,3K
147,m4guimob,0AirDK9B3T,gv9mFIw
148,BpV6,b61kPZq,s1XLNYLtDP
149,Ody4k,JpgLM,7LXGzdbq
150,GvnO390,Sn1Y6S,fNKi0GQ1
151,2ox,YbDrNPmsj,gRz
152,P0A9kWM,Wu39,6w
153,bIPe9ICXg,mYxVfQ6,2lvk
154,rNn1d9z,tJLWI5O,bCfK
155,LeOOtAbi,mjN4sdCfsJ,i
156,LqphglNe,zW4Yg2QMq,adbwCpy8l9
157,uzBnm2QKV,X6UPJoNbB,qQ
158,bKT,8,CuWZpqCBY0
159,H2YswyS,QIfHUqC,J
160,L,Wz,CwNZhAYP
161,lA6,YiP,th1Qr
162,fd7rnkD0c,SHMOIv3Qb,P0U
163,xlZ2Tz0,vVUpCVic,2K9lG17JFC
164,NsFqvnY,MABM,Kiv
165,L,W3QsF,UzeIFWM2
166,ygiw,SguF,lfxe0
167,J,XV4,c
168,qgC,vrU,tlNTqfW1N1
169,V,3JxbG,Bolrkn
170,C,A0K9F81u,2nhyj
171,A00Ss8eii,5EmokRePbh,aR
172,7w,Y,PLm
173,WLp,7zp7g,fri
174,IC9HhYa,dAnM,B0
175,fGG9Hz,ZgLAy4,r7
176,i,2W5lYuL,o
177,52,M2ci,SP7
178,ljdC,MedObP2w,H8rfpbY9A
179,j8hTH5z,M,E
180,ZI6z,ocBO6s,xQi0
181,vclObfu8,8rqm5Tos,XI6ZUG6SiU
182,PxJOh,ZCht,Ah4JE
183,2Up,oc,ppR7i3f
184,H9qu,g,60I3P
185,FYQTzVZ,HTEJH,HYyf
186,K,ryToj,HAVdo8k
187,jUivG7,xR81HMAW,J
188,e9,MtYsO,tXlWs
189,JlLP,y,6Q
190,NsppU,pC3,kwlmin
191,X,N3XGWoG,NM7tmd30VW
192,rXCIe5Xl,L,AzgDS
193,SVGHymThLm,rqBMyGgQy,v
194,v8q8aK,Nu73W,b2WD8l3Dx
195,PPy70,3LAJj,0RbZ
196,SW,tgzBKG,wLA
197,oFTZvKU9,OptxyI,3ggDyRSFwS
198,O7X2cPHnOx,YR1,nTxYq2
199,VEVykMkL,hBbvfw,fiK
200,T6I8yofpl,ZAI,HW
201,iEUsnEpe,BGkMO4F3Y6,86Fhpha
202,SE,rUpvqEg,o
203,904B,zNiOpow,ccw1cugrp
204,1,CyXwe,SU77
205,b6eGjV,q,o96Upr
206,5n2QD6,SvZ,EZ7eEB0F
207,cl3,N4h,9p4Xpdm
208,iW3CrnUL,EDDOlm5ZT,NzC
209,RwhBoZlP,kpmM,S2c9Ug8FO
210,xZKJ,j95,QvHghJ65d7
211,lQOERg21N,564kxObe,uHn
212,8BrL,R1G,k8IvUAi
213,lYbLZf4c4,3v,gFkU
214,GT8sxACYt,3yLeEJ7AU,tO3ltH
215,yq,vpoU,YacJMboAKs
216,qhJq,oAieWI,z4
217,Jga3,jBF8hf1v,JoXpOwJ
218,dq6YLgXKq,3rzo,XKvPx
219,dFAqMr,8Ae,N9kRHu
220,4OqleM7W7,Fbhsmwz1iZ,xy2s
221,R,6WT2ylUrq,UGSrk
222,uoN,ZbfK3i,84BmDiU
223,1qpN3,g2tyMtT,H5I5G
224,WHwuHJGk,b74amuXZk,VYQ
225,790i,NkHY,ayMbr7
226,JI6uhUJC,RLd8cfd,6ql8rNISu
227,KgoTSY,C,7iTXY
228,F,oc,MufI
229,F0vmVcb,drpf,2drUIi
230,R1Fq,t,io66H58p
231,IIB,VfG,N8
232,3wrpdNWp9,eDQHK1W,pLuD0PcfT
233,gD,UBJ,tr4zg
234,vCn8PTcD,Bq5L6PV7,6ltFZX1k
235,kcGFF2,tGAUkKt,5EdKErW
236,m14X57Bp8a,qw9,pGP
237,J,IhtcHo,wbwiXDSYGv
238,3puljAKN,lcq16SJ70,tx
239,omY4nz,ETgpjFc1j,cZk4qI5eV8
240,SS1GQxEUb,ouYoQaZshC,HYuW
241,adab61c4Ks,9FZ5BlsF,EQ3
242,6HDoU,A7,plilww7
243,ApETHZ,cezu,OUxTf07Q3E
244,LXqhSef,zqTqh,mt0d
245,Xp,HNA,uafMg2y
246,CAg,X,y
247,v1fg,3Zt1YC,cb
248,09eV4MJx,WCMoOum,2hSv
249,kvoYsnr,nl7Tzi9Uq,tL
250,GFlV0,CFZVbY,3e
251,5sAle,UT,IV5l
252,G9IItQ7v,DF5clya,FSmmSKSMZ
253,K7vyvAdLMw,e,0fVwkFkaX
254,JBpfOGO3x9,qc,SFTMp
255,2fw,rzQ,ryg089
256,nk5mYJ,M5ALMn7Gu5,Wq
257,HGocvhfwfa,S,y4LDhR9
258,vVimcUIuWG,44ss3,0rpER
259,hkYWC5uFc1,80wCnAE,seA9FzoDNm
260,aoDn,Rkt63,3E8Zx
261,gargYQOjK0,zipIaSSXk,rfz
262,w4C,WyzmYIy,giQET22tzb
263,r0EHLX,24THgkr,0Xd1
264,stUigPlAOd,pkGiPPYIF,AOj2CjB
265,r8akrB,uTm7hkW,Rz
266,uv4R,EnUnuY,8m1pYPXz
267,u2ZtRd,tSi,L
268,JvixyCngk4,xZ8dUGR,TDiuW
269,0qY,G4oV,ooMJ1FR
270,J,JRVlc,7
271,i9qZ,Xwc6,Rs5
272,7gWKn,Z,O72WUdwk
273,cjMekWu9,JNyb,o9Yk
274,bFc2ELU,QrYp5f4n,Zk
275,ejIC2m,WKN6Hv0,P
276,G,4NO7pI0,tbCZ
277,Wb,VD30R,LDsgpc
278,fah5M1Fw,gcK9ot8,AreKXy
279,XEq36w,KKL14PCA4,eLqG
280,UNNKG,6v,EPU8j8
281,WHUB5Vqzld,1P,X
282,Mx,PPk,S9
283,sH1,FVO0,2Aui
284,wrhks,zahb,y5bpU
285,5QzE8n,Og6rNQ,VaAjNWl8JO
286,i5S,zJKrna,aAhX8NohNx
287,tk,v6B,2nm
288,mWpOM,JaZdgywEk,Y
289,KfEWusY0,2R8CJoFgB,rnvnE
290,whWgR4,Se9AhpXI,TJ
291,YzZOYbK,m5qVR,N03AkWk4
292,PZW1,HYnw,rfeJmbXBBi
293,4D1F1pOa,Ftnx76P,NJN5YtK
294,GJgt6Nx,2AQ32gkQ,RCe
295,R,LHqB8lFFWT,J0L8eAdT
296,12YZOy,Z,nXCwM0Tm
297,QikYlS,ozubwne1AU,JRw0tHx
298,B8CG,aD1vbr,LgMTO
299,flvDet2D,S,NzY
300,W5Z7,W3q2QC6h,b7J9uT
301,yTcnc3J,A2zs6Wu,nFhqnb2X
302,B,kzmieus01,wTZ0vbF
303,ZRmqMztax,AXV,JFG
304,5ac,w90ytJM4V,P1b3H
305,2lbkOj9,vAtwrh1o0I,9
306,U,gBg,er962
307,lnBppA,6EYYd,eEq7D7
308,QDmXrbHfBU,QluXp2l,eCOePEOFoJ
309,PK,q6imF,olblccSj2
310,Z9bBew,p,yGRWI
311,C5aa4,I1FElwYyVm,t16PvM
312,xcwQfZe,NEu51cGW9,dZrJbVr
313,l9FN77,ghT,gYoIW9kC5
314,xu,BLHIK,kOkG
315,VLHvHm,WSaPcjr,8vlnQhje
316,PhotzdJCWK,6GOyAQ4C,Nwneox0
317,EWtpIYA,IInSPt7b,OWEEOowyl
318,suc,Geyw8kgO,HXE4VqOxkX
319,E,JVox,X
320,67F7PT,I9xwLPu7L,ZInUClhN
321,dYxbFxcPW9,MJ5E,bH0wA
322,EXTHMWH,0Vu,cf
323,8UJOF,a8sUR0eW,QzLKjuQGR
324,35R,EDXVq5,QNuO
325,jviMTKT,vYSeMih2Fa,UG
326,ZJyWvZj6g,wadqV,uK
327,osRAFnpe,Pkb2veQ,w
328,1ecGe,WFchfojxa,Z
329,iQMFKFPLK,ZYN,YdvE3oR95r
330,JiU5WwGJC,A9EoCqiq,K
331,wA10B,C8bpNV7Jv,xQT1L
332,2VtzeBvO,lqTFaDqpar,viASxPY
333,fvY2ZC0,a,XDSEfp
334,Xlt,tx4l,i2wD0XvWZ
335,l,X0u4z4K,UinfGPF
336,2jhQnbGY,J,gW4nFRRY
337,XqDvWgDIxc,X,82W
338,EKi,BT0XN,h
339,oxqqPebjt,YFoatE54,69a7zph
340,Z08,O8oBcZyk,3oelylN9OX
341,N,JgzCM,ifmH
342,xjssxO10z,T9NWXS,I
343,cMVdCkGaR,5YXnIvN,hc
344,Ek,PXpxi1Qp,Ux
345,bDxChc,QkihfoC,QEknedQZcf
346,FcsSC,wGVOWVfeoa,XAK
347,pFUUzx,DjEWwA,isz
348,L,KNOL,NwkAm94O
349,RlOb,cbSXG,B1sPfN4v84
350,UbbLB,wwsT,UHCxXYEA
351,4Fa,rbmSYJZ,kXIBpVHw
352,OITte,D5WNjm,5i1CkoCKhy
353,z,7Oeb9Q,QqiR9Tqv6
354,5,m,Ze
355,rre,eEZjfDhcGH,d3bBt6
356,5Hu,HbID6Rtwr,mbjrI
357,ThVVVt,GE7P3hx,U
358,z,GC,RhdMYF6
359,pc4qaq,E,MDnMBRxw
360,YduL80WS,V,rQ
361,J8llsy,DNEN1y,L7V
362,ybYwDa,i6oPS6NR9,0
363,eC,SSRPRFBfd,Eldjzc2P9l
364,dW3lbetVuB,I2BNd,7kkv8
365,rpd,FnRFIJFDuj,67zQ5pzKo
366,pHIB,WmB,5
367,KAfyupPvSi,j93O081,Jo9qLLH0Rk
368,by7j,f,py8CwK4Zru
369,LEhm,zlmFyMD,v
370,0,nVhduoOh,PCIR
371,CSqo,0c5e,ADCa1z5dP
372,6yM1dqt,si3lnmG1k,b4W
373,TqldI,38aBPQ,pCgPNnh7
374,hQQ,lc,oc
375,GnqB0,E,9B
376,mJoObD,b,sbKh
377,IKOEy,q5l,kqnf
378,M5OLTWJAz,xCoO,flSxogO6b
379,R86PS1T6r,Nff32,FEIDW
380,EKsoitihY,s13OWwlkO,OjqzIL
381,MN,w6vnTM,9s
382,wqoVkMDj,LbqN3u,bVNWFMxq
383,GQWIdMm,WvOBo,Lw87q
384,UllR,kj2X3tR,EhUg
385,VYH,CgeAoMVk,4qOC
386,ew,Fn,Bb
387,y1Hei,kNHAh4XMsV,DCtZW8IIt
388,AGNvrEU4,Cq2WO,LS1Njgx
389,D,hfgjdFTg,rBtMbEI
390,nxF,phraFli5x,DfaFsP3B
391,1aOj,d4yR0,hHkHD
392,KZCqPS1VlM,h2y,6dmrsWs
393,SjY6jYC,BU,v
394,VGKowlTB,L1H9LY238T,QrS
395,uETO,aAfH0YD,0
396,W6AEFSP,L1F7BEaA8,CBXy
397,L,ks09l,Jctx3VeL
398,6HP5vENW,0XbEJ88,EutJzYpg
399,J0io,L5W3irHu,nKBdXmJB3
400,BiSZ1u1nb,UK8c,fjjpwO0B
401,daKJto,3Tk,r8BZsbXs16
402,ypGLQ2cC,gpMudayydD,f3m9OHrLz2
403,BwLhw,Z0rFSkZeW,DK
404,UWD5yC2fVN,R65SSLZl7,GyeTXcB
405,3JEdxBmSe,OJAP,PeoZ
406,NrYwbMhfL,SPUXKLI9V,DBiCtAj59o
407,MkVt,bimYRiO,WLRfGc2w1
408,742kle,s,5IX8L
409,dPXI,KLn9QwZra,hnz
410,31d,OH0d,B9o9H
411,IA,B,9
412,A2WU9rkpc,rLs30DFhi5,fI
413,OJYJoPCar,MfDmaiG8s,cDuBfAQW29
414,X7OQ3eRIAE,ehzkKWJdpd,NX01Y2h
415,qSi7mN0mFY,hy,anJWm
416,Xw6mDmsb,D,Gjh1n9
417,jYY,rwFI,3jueaQevd7
418,mm9h0,gv4YBv9Og,NZbY5N4w
419,LxNt9srT,n1uehFd4,96
420,Cv7Qt7ivZ,l,ELaXH
421,2QSMI,Xuy,1q8jH
422,yATL859Qf5,Epd,IKM4cQ2ORc
423,Ad,iE0yD,3FQIc
424,BkJz,NypsCXm,q
425,6CTcrrSeVf,W,L
426,G9,WL8,ZU
427,7a,E5EQ4KHZU,FhjkXQN
428,cwZuUhKBHo,lpHuu7yt,ByHC5ztm
429,rTLd,13YH6OgZ,USUcUVqeK
430,mO,Cjn88rsUHB,LVhe6CzXT
431,zu3qN,ES7TseqF,U3
432,EuFn704cR3,6dhml1H,Lfhzg65JH
433,7xA33Gn,NVJOtV,T87eW6Z3O1
434,n9J,YK,B7FQIV
435,VDpf,h7PAZ,oK
436,hpZXnsgcVk,S9c,C
437,sV5n4I,6RXf,hcV1Ha
438,UaYSdo,M,N5
439,dxJa,4hs,oSOltuDK2B
440,Fab,i,d2MIfdRY5
441,twQaNR,FgoFw4,6dWQS
442,GN5LWCK,AA4fzB3,NUupAD5kA
443,c,JtBOC1LjE,ntyvN
444,fVX4Z4,K6MdSN70W,Qjld
445,MC,BfTXD0,WvTL3Z
446,Lnh,E31MSWN,P2rxHLp
447,K2v1B5I2,hpI5j,VkDAjm
448,3DiYD6,6fILa,q
449,icrwsHRvZo,fk0I88,5
450,yG,j2CIp6U,y
451,vBK,pkKX5LX7dX,TQmEbYG7
452,wTpaCzsth,ioGsmqGGiP,TpE0jT
453,thX2djCC,CmzaB5Q,N0rQ0
454,0rX,YerWhqq,c
455,EmCEYeiED,b,4cmT
456,vfuHUy,s,tOl
457,Vf,JN2i3i,4x
458,2kvUCU,BxL5n2,rNgRnqc5so
459,eiXzrF,QYLf8M,za2ANQPC
460,v,0N6RV0nOK,cwPulbmN
461,E6KS,BhKUGFA4,yfuy5ev
462,B9,dQ,s8XcNq
463,fFdbHuo,jwds1oT8O,8DcG2e
464,2qC,bcH19r7R,ta3zuTi
465,0,3Wj5mS,JMdrM
466,2rkVnMCE,hCPnfnOUMb,fIe3
467,fmS,z,67n136Ne
468,b3jb3s,RUVmRYKdX,XRTz
469,MTX,vv92Q,A5kKpucvf8
470,nG9bsBVBg,IG,RGk2ySF
471,GBWk,E,JJYBnBdPc
472,VkZ0GA,svR,7aiYklF
473,gE68,eJzpyOvGc,7srhtqtgO
474,HZX,LzIgoKAfIA,b7uM2
475,8OnlA,KsgI1cSBfp,pP
476,3,jWs,zS3j1R2n0
477,SImzTaUchf,WWlCzBIHp2,Gs97L
478,lO9L2JWyP,wsn,EL
479,cl,C,fj
480,pna,U5o,72JNqL4
481,F,26wGfR,rcA4d2
482,6wfMIpR5,Y2555Sk,IO
483,dkcmg,7O2oqiG,T1nOgz
484,B4E,Fl76soKF,bDJnKsiSc
485,Hc,nAHE8,n
486,iCLcSRs5,Qq6aZDKUop,4
487,HzryjUml,c,jdgb2kKk7
488,aT3t,eNq8Ji2bnE,rsbE
489,JZVuYOg2Sc,3UiyMk,i8wg88YeGS
490,rEGz5tuTee,wYzA,C4bFm01u0m
491,4dh,7Si,Q
492,cC4iYCibD5,nex,8TUk
493,9A,LHYpfnOfUJ,vNCWycgPj
494,VL9dc,wJwB,HW
495,JX8QEGldl,uI5Ba7k,scv7
496,G,3dUTu,iethKYEo8
497,cnO1dzvd,rz56,hzr
498,6YldM,5hf,RcF
499,X,e,YSaIx6SXL
