Employee,Account,Role
407,77,MXNMke1d6O
37,64,CHIXT
225,92,l8s
103,139,uVLfo4BY
171,199,Q4VR3Uubm
23,168,FzqELnU
486,55,W9vJb1
149,143,nLn8Oz
34,30,W
233,91,e
207,13,0ID41a
110,27,6TMCTcvP
430,182,GoWnP0
295,33,wIXVDmU
112,3,k
496,46,LvpuR
192,31,eHlVx
243,29,algbDGnPT
440,86,uzFRJxQQcl
395,52,LaJ4RPXTN
492,151,MI
158,8,0RSGbsG
52,190,VkQ77Qb
399,79,XaOnp
476,194,JC9zhVPw
238,1,VWSp
113,155,d0MHYMaA
275,69,Dw5aILC
389,36,xxMLua1e
272,12,s
344,112,gDzT
294,5,9Iko
107,64,w9SPzMdqB
302,9,VpI
228,16,W
268,109,J4Cem
240,64,VR8l3nuliC
389,168,OlrJPgO
168,75,Ud0ltwUab
247,169,iP
487,72,wHiStecZhZ
128,53,iG69hcf
334,90,0LND2j
308,133,1duptH9Wp
477,42,28kC
371,94,HgahW
483,167,TWbr
407,101,u
443,69,eyYY
77,136,5
66,33,3uaEeSQg
145,64,7o1V6R
238,31,GsUIc
75,139,zNTz
179,196,MOLtY718I0
86,1,MPg
69,141,hdk
264,167,9PhSjJ
440,49,jykd
273,84,mzsVZTWfx
191,66,zP
379,74,5
45,66,7sZM0i
296,196,vD
38,29,JVDviFRy7G
299,127,EVJoGnGi3F
170,168,7FeuVhDcuq
65,86,Adsn3C
5,109,J1nb9zdyfC
393,69,8RpO6F2G
346,37,cbJB
226,94,Yp1dkBvDr
15,123,3SVN3G
296,6,F
164,58,YTlw5EMB
194,156,TblocOae
54,1,BfsoA
244,165,p
327,56,0lq9
389,0,4Xtz1n
126,182,TF
331,141,RfvtIMeu
245,194,0i
135,33,sciaCjW0i
460,128,v
35,78,9SROVXc
366,135,lA3rO
419,97,IKpxalceQ
31,45,Aw6TF7y7C
289,149,2BT3c4
3,17,AbQGS
227,59,2n3cx
61,102,he
488,195,n5akNTdQP
247,99,G
35,82,1qvtVAK
159,93,TdiY
411,101,OYL
238,107,3sb
160,107,AZ
397,26,AA9Px074
270,147,inh343
364,144,zx
74,105,BrdFpNj
202,51,i6
475,6,5ZaQ
460,177,odpejRK2
177,65,8AA
125,197,0W67
20,92,l
267,64,cEqJ
315,87,rMw
217,74,BWPwkoF
483,96,eS5YF
198,168,U
220,5,h2zgYGbR
65,45,YdzIzF
160,28,CLCno
44,40,TA
202,126,O0VlAXRxBt
33,43,4r
201,199,a8dWF
346,4,zF
161,159,C
158,135,siw4K
142,45,ee
433,9,tPIe
76,103,t75zOI
467,158,aZy
363,110,K1WzQHFC
410,162,9ewoDohWf
40,93,8
57,111,d8Uw5ui
292,162,hEc
136,125,l8eF
223,117,KwNx3L
115,37,8JfDp
184,164,lIeK3T
59,23,rPa3cZsuHI
80,133,QlwtA
436,64,cLDRL
229,136,lgS
339,195,aO
212,168,chwL3HS0
168,170,I9dKV
189,129,JPwG7a0
273,68,HR0
32,58,hw
284,182,ah
235,111,N
452,31,zK6b
122,110,L8DoM
494,168,8kZ
119,39,syASycwpw
467,23,erOh5qLVp
207,71,DFs
183,124,TAhB
24,198,GC
155,51,xc0JnKUK
261,158,5Z
215,193,HwTAwkAEz
375,192,kua1Dm9V
266,63,t9PtS
299,123,D4fi9h
111,171,h5rmsWKWr
78,20,USYrDuS
391,61,kKGV
170,197,bnRqCI
229,140,U0g
134,91,PN0XkwWM
388,151,Cg
465,57,n0
23,97,9Viu6ydhZS
440,171,Yx9r8DMzlf
97,149,yoOJGzkmiP
14,91,qAyTd
178,142,lYa
449,102,kic5qmX7n
397,115,01SeC
117,56,E0SzkB0fs
74,45,Pllz
45,74,ZN
200,145,BdI
71,175,UaKzaqYpFp
121,99,ax5RJkk
323,3,GRs4
261,144,SFIQQHi
461,168,RMclBzINR
325,155,q0
251,137,kA8AY3
304,108,uWR
339,146,c8eh2A53
71,133,LEM9gxxYT
204,21,ITxs
70,136,gHodN6O
461,12,9in
285,27,F8
341,35,7JTfnX42hE
239,57,0a
172,89,vd3A
80,129,N6NI6nVJd
284,156,kF
392,10,c
93,100,RqXzV3DTXn
413,142,5Fpag5U
467,155,NzQYTl
119,188,HeVz73Q
209,42,FUd6Qv
158,98,NB
409,30,ZbR1
477,114,yuRmVNTE3
198,124,l
214,49,ARD
465,126,Jxp
242,4,VsWluPem
484,54,Xf8hyzzyq
338,23,OaV
56,132,Td7UcQDY
269,63,8OvatLSFo
253,166,L
146,75,33s
488,178,sqO
358,125,yDRFgkUQ0f
269,23,E5RMi
134,39,T5RuoLGbIr
356,1,1M
85,56,Mt
273,21,Sl
328,108,aq4
289,83,O
351,111,wFcwHx9
150,191,iDk
279,23,XZ45ESsMq
347,32,obIdCQK
248,70,EKX
20,68,zotqEKKUyo
179,102,ddk
23,129,oL4W4sk6
132,49,M0xIvan
273,107,G
176,112,EdEgyZS
299,76,t9
301,20,nYThqiJa6q
54,31,TrEOEW
481,196,bAtf
136,173,rw0N5hUm
75,49,Gfj
54,49,01wIX
63,91,7ba0B0
410,93,wtXYS
267,16,Ng1uhbKT
444,184,GL0QG
434,117,kvQ
328,93,NQ
399,138,ifWOjoSVP
279,6,t5h
444,185,J99
18,88,DsGsO
117,35,wZ95tT
104,163,Slwjv9TY
93,149,8Cbz
135,101,zCRxK2s7I
299,47,9djNEZI5m
132,155,nKXlBKZ
303,66,jxG
320,172,1EDJy1V
398,75,iCEEyoY
74,192,L
133,100,0e
56,7,ToxL
19,50,FO1e
197,107,0Ex2nYoC
188,19,VvD
304,91,EMqfnf
272,98,c
459,162,O5p
482,26,YGE
490,63,0c
134,81,nQIsCA
480,33,a67Sxchw34
367,104,ooXUpHor
285,28,WFO4QOXL
161,11,co4P5M2
93,78,L5sINc8
181,21,psWf82c9
437,25,nFkYWE
491,83,XwpDXAK04
431,138,koFbp
179,41,qpkXJNa5Q
411,139,FeJ76
443,49,bGVbLVkk
291,7,ZP8xhkHp
75,13,o9YxDtq
303,156,gMvFXpgW
235,31,XrZZmVRO
424,70,EL5XI
371,63,BN
218,133,q6kDL62
412,182,0aZa
372,72,2qqtKq9w
54,100,JVbj3et
433,96,ceu9
114,2,b
298,88,KC9xU8Z3
63,154,iGyjzEc
32,166,oW7V7
252,126,G
361,179,LrWM2
12,10,RMcv8UA2Q
454,27,PmGm2se2Gw
269,53,Lh
433,149,CvZ4Jj9o
135,22,1A314PQxJ
336,32,hLFjPL
214,55,KoUm
160,166,Ri
5,34,ph
321,3,L
258,47,6jmTljtwg
366,126,Qjlcrz
340,137,Kfsu0oQ5ah
65,117,x
196,39,u
305,48,I
353,26,aj
6,55,yMJaz
283,179,duXcg5L
169,130,I
161,140,0pU
402,17,XnABx2
4,86,wMTxs0wqH
185,189,pj
106,187,tJ7Zt8
285,191,gF8EXs
371,127,LnT804E
415,120,m9h3xsc
432,119,Cs
263,153,aIUOM1l3rk
433,32,YQ
324,156,b
29,195,neV8A0Ki
188,169,DXJIzipgmA
2,29,pTVGe
252,86,1vgF
76,140,voH
349,175,IzzIg432S0
26,182,tnLNnK
222,138,H7Bv7SL56t
79,117,lAPCQrMaje
98,21,qiGor4M0
250,112,HF3vN
162,5,kb
366,94,ZFer0t
15,132,Yhsf
126,65,LsiqR9z
161,154,QdXTjWZzLn
383,118,C
124,190,j
157,195,rAhdsM
89,45,r7s
441,184,r9
379,97,vIQyA5Lnr
125,64,qQAG5
335,16,EFVL
24,176,bZBeX
491,59,C5
472,59,0nrbxl
397,97,f0BZ
54,57,0FN2Tkl
88,68,P
222,115,Kn
377,144,DkeW
286,176,O3u
402,142,vVKY
338,159,vzbgOJuzM
213,91,H
77,195,AJAu6vxnrH
113,73,9xW7
159,61,vACIu2SNR
346,190,sZcKOZ7q
327,13,6z6Xik
1,122,Q37pZePXd
213,183,L
77,82,F
240,24,fjVpU
456,35,g
408,133,2vE
318,97,Iegk4aW
427,134,Ew
305,10,Hrv0Lzt
400,169,8cMRrk
228,2,bVtc
0,108,Oca
360,103,C96Gz
440,83,x75U2YYOk
165,104,M
327,23,1782
362,65,Fhrt
12,154,PjLhFSTdQB
308,166,Y25oZM
137,95,rLrPX23TUg
362,126,gRYwvTXD7Y
306,33,6xPvcrdqG
251,151,b0PE34
477,157,PHFSDgQ89x
25,4,PsvB
219,140,OpoeR
177,1,ImGKcC3669
288,51,OFhzjN
452,145,QHdMkpm
69,140,nPDuULXIOv
256,64,Q5Y
160,27,O
270,93,WNg01K
277,151,vwefZXGhxF
454,72,7V7e
372,142,EvI
414,36,flC
81,42,l81nIzt
248,75,LX
417,3,Jsv
496,141,2656ot
352,172,Zuc
167,162,WOqJKNf
436,52,aa
109,188,TcD
156,164,iqWIKo
72,176,N6b2sioKI
436,76,Yisbhq
394,76,bs54BEP1q
479,95,waS
207,195,PU
230,134,8
418,140,ilptS7l
44,82,WTVc0h
129,33,KO1UjUMFM
406,9,35DMv55
422,67,8lkIBwWI8U
491,87,iU5e3OE
444,157,xUw13J
448,142,0dsAuJZ
192,101,q
137,70,LxopXPUo8
98,107,IGWbTA
9,186,WtdpcO
458,186,S
20,138,FYzlgg
423,130,efUSHtubj
466,148,R
494,88,d6JUIz4
14,153,IlwQX6i
180,107,VKQTAQECAh
273,80,JzSeVw4Mf
83,183,rmWVHYhqQA
411,19,I
41,49,qhazAtU
413,15,DNZ6M0SH
77,81,hPHWx
18,183,r
286,19,33qj
465,156,V
120,27,jUhgh
33,113,qAGA9cL
195,62,vZYfal
91,15,fmzmTDpcTs
76,53,GA8YVkWF
2,141,B2bHK
352,138,DpmmrbMI
12,71,ynrfj
368,44,oPr
333,102,d8B
376,139,A5
317,147,8p99A
123,199,wVTyKhy
382,136,E0M
365,77,jRDw
264,51,ANsLFz
16,36,xyRsx
40,98,MSxJwD9
7,113,Fs
54,87,kdOujQiA
170,146,uoz
250,86,JPwOcuwC
279,25,mt78WNermx
324,173,9pIDcBZ8m
128,74,k
370,4,P9OWRa7
99,164,hx762tz
365,135,Fu1fR5FtF
139,80,EYwbAJ
422,59,02wv
214,186,UVfRuE
167,29,XISNao
486,92,Ocxma
142,61,4HpaZXtZnY
103,71,b7BoeCdP
496,193,6ISRz
48,185,NKHe5snt
260,39,TKhryg
460,113,o3o333kY
