id,Name,Unknown_party_name_flag,Internal_account
0,ffDbBaX,6fN8lIXsO,sYEU6
1,hKRD,rO4tabQ1C,UlMPx
2,m,QI8mH1CJXH,ZOzE
3,bbczbBDC9,w8Q5qHQ9,NGF2JGRI
4,loQ08L0,60DYS,t
5,jN,ZoqN43MZq,g6
6,F,Q6,dnOgCT
7,VU,dg1YcD3Nl,7NP4zqr
8,w5pW2Qhcb0,Zj,ZgjeeT
9,zQW,Z,gOcvAmeW
10,iaN,nceuZfwPGR,zH
11,0qNs,SrB6f,8tCSXSqB
12,h3y3pmY40,poVqRS,mLw1mfL
13,ZJOk,hhwZrOQ,H
14,0RnK7,ssQq,7
15,N7,I7J,bpzL
16,gZ,RcE2,97i2440c
17,7r5wjE,V,T6siY6ivPQ
18,fZlnfF1W,PqGQ7M,fVjoHSjx0
19,tZwU0UGD,U,l
20,oz,NqLhPe,u8fcm
21,85f,wF3,iwV
22,7jXECV,e7d2X,M5kv
23,1aH7at,ZAZ,jS30Lq
24,4t5lCyki,Wcjpf,coL
25,XJKDaB,3hye,oHg
26,jLt5rz9L9,zFVQpO,yPtC
27,SH,IV,I0Q7
28,tFM,lJG1y53laW,b9Z
29,XFPJRyzEO4,nBvTU,MWR
30,JEbDA2Irxk,Lw,Fd
31,QW4x9k,RS5T17rxhD,SXgVOHt
32,rymZa1,a,Em
33,sFmJfkg0B,efzUL9,3ZJ
34,13W,4IwMLQNEUI,I
35,3YyaxpzPo,UgX,Q
36,iWzqyl,bxRxlFbsF,N
37,pHXO,jICkVW0uIA,m
38,f06JWq0CS,5ZW,5M4w0E
39,j,JNtkTO5s,B
40,6zhsE,yBgrUkml,H
41,BM,Jf8,x6
42,lEop,Kj5VuvM9SD,8fhcot9Q
43,BQcOvhk3,58vXsTw4jv,E9
44,uA,dv0P,HIWfr2gI
45,hJhL8,XkKWwmB5U,Xc
46,T,Wi7k,K8P
47,d05X15e,Lf521Ir5hR,3S
48,tY,ieMt7L3d,nE
49,Mttyps,Za1Qo,AMfSI
50,s2GY2eg,7c,PmPLL
51,h0kjgucFLn,BSu,vtbt9
52,8c1MX,7DmadU4C,IujL
53,eA0SuGUxFX,6,Y
54,LkmW1r,9KMtKM8vL,61v
55,CY1Kg9ctqq,s1RMv60,wb6bJtsOA
56,gydOmD,DJkFTQKOIR,2tyZCi4y
57,Od29,FDlD,MnYRgN0M1D
58,JvZCh4hpw,8,Di4dcVcaU
59,TlHOY,KJwvnO3,khuPwtB
60,MaZ3I1,6bb3LJrTz,8
61,Pd,Uh6J,YL6i
62,b0CQXpI1,wxD9Zp,2wTM
63,ACdX3q,oWXu,Xgte7Vtma
64,Ynh71nQjsD,UsIhFMMPy,BHn2P0KVW
65,Ef,pz1OV,c1XQNo
66,hNPeu,AuuuV2x,goCVEaa
67,seP,0901fD,uPtM
68,92NIAYX,YY9,5SL
69,8N8,Oxo,33zZcqPqca
70,QHMGfrG,n,mn
71,M4,ez6H,X1G
72,sKyuu,yQz8VuqZcs,BofvBi
73,At56,wP241hlrJu,ern
74,tLxCJF,4C7,lMbIMKBp
75,R2MYtgrR,SEaK,7CUNso
76,P0N,rUt0,Af4MnJeaX
77,VvXwtF5MNv,f,U7Eb
78,xZNx5Sj,AyN,oeMa3V
79,tZLmvsp0VV,rcmlRu,RLM
80,wYsdjZ,0,yysot1JnMb
81,FKyPee,dM,uFw9x5JK
82,GL9H3YJ692,z,uD
83,M9x52XKec,R5Cx,RP
84,03lwYOX,VPfZot,gGOBvyMxm
85,JF66ReZe,HfbH,d
86,leGGeKzQ,TyQKqEO9Ip,pPIyXTxo
87,c,iF0JABt9eJ,4
88,i,U1Q7vzY,oP
89,4,oL,PWiBCO
90,Lzb5ka,SkwCj9Akd,iAMrhTOo
91,jzMhRfv,uXODVX9Ab,l9
92,QBCAWTB,b5qwc6k,MFrD3lYxj
93,2bIy,CnHSiha,k18zzVc
94,fy,N0oN672nTV,q8Hqypmdfd
95,c0,N,knp2u9tJ
96,uGrnSRYKr,vkmd,47
97,QseFjy,ZFYviX,oFKuAQ7tVK
98,P,J4y,14dRIbtgRo
99,BIpoxBjjf,flkXl0,9pZQdTyee
100,J0fwNM7x,j,7AlRg3Ap6
101,o,LCrXTwJw,klmsP6TxI
102,yO,8jP13gwO,Onyl106i
103,lqraPWLa0,e0G,JajK
104,1y,z,S
105,HuG6SZT97,sf3TNo,4bXLz
106,caTrhCerQe,rgRg,EPvbR
107,FIW,18zo,vnIaTIe
108,hScz,FuliuA9,uEAez
109,tV4S,k3YrWKsAX,Q3QHUhJH0
110,uWy6HuEZ,yO,ZQESeFeIc
111,HF,M,YA4b7Ax0pF
112,ptUxneq9,n0,uX
113,9hxD1x,1uE,QDDCYBe1
114,E3kKmEYcs,UtRTR9kHr,hgOepR8Ax
115,mN0X,VoBwn3,if5KAH
116,Iby,D0ewu,oQB
117,TnB,Jl2Ud,8Yu02NZ
118,w2S,u,uD0aAln5Z7
119,rhLD,LMr10RRP,iq
120,WJs,g9r,9XN4GUEV
121,dZ,8xOp,e
122,cZTfUXQ,3x8LIHh,pgj
123,rU2O3bddy,iz4Um4hGs,tORaA
124,ajirevssc,yxY6j3SJ,Jt
125,EavT3K,MwFCf,uF
126,SwPJA,5EoNaPv,dixtNLx
127,6U,r0nfTq,AyhEhkKl
128,Y2G90JdbW,EiL9nW5,gb4v
129,tHJtNR1,WffRaWJgN,MjZfjKAF
130,DKTVQ,IyK,29Jc
131,sbWfx,FWSgBjs8n,YgRzz8C153
132,gu3U,JjzLtOujL,a0XhiXo1N
133,dOtRRWrn5,uHYoduPxJ,ijiqlETY
134,wU,qUJl,8he96
135,8TvXFN,VssHb7Yq,t
136,1Bi,hA,hAY5
137,OjV4HAdDB,R8haT,KcLGeHVOk
138,jmw,npR0Rc6f,b074
139,cuxS34Lk,1tD9z,QI56
140,BdCV5zN,5S,fRG
141,9iN69uEHpX,9yY,Db
142,G,oCaA,exwmwtQ6
143,5WCK2TdRXa,KzPEjOy,j5EQDxSI5C
144,RmbkgPbY,jvWG0wBA,FI
145,3OpbYtiq,rXcmRoeQCq,Dldbf1aq0j
146,7Tqf2x8ll,hT,iF4Ej
147,eqU,J9xp1Sx,TX
148,AmW,i2Okzk,FGB
149,CYn,Q,oT0ecCC0X
150,32,OP,pgiba
151,Wsp3rQly,oElNPc,ZtCXvFlhL
152,Pl,8Oz0Jp,nyipSvA64
153,KoZOx,AcvLll,rqfnct2Q
154,ZukfQerKmI,USEkI,k4nmgOu
155,5,NU,6dX3NwG
156,F29xuDc2,QdH1,xkwdaB
157,PwNHV,xwq8AS,lK
158,LqAEpAKG,006HI,22gbq
159,HQyWqQV,P,7M
160,sJjL57fZ3F,Rhixfl2T,vRvHBrc5AP
161,u4fmZ,J1o94pjei,DkBnUHCMAv
162,KTc971wkAe,9LwKD,g
163,9p1Ba,0GGK,aY6zr
164,O128vy6Jv2,8irxWx,HujB
165,w,hPUfA6g,kc1
166,xF,qxzO,iJJpF4
167,FIrLOjF,QxyiE5R,4keTMs
168,kQXGRm8h1i,3H8VdNkDr,AMLd
169,HsiQ9a9E,zFV3p93,bypvT
170,D0Ba3uVP,RE,xtjCFJp
171,opI,f0ZqrQkT,j
172,G8Lc6,tA8R,EPD
173,i0l,apCQlc,EI6CSDJy
174,4rfYHdLf9,P0ajUdu,k
175,wR,Wva4X0p,gqtjUc
176,P09i9,lnCz9zdl,JSrDn
177,f,9,5L1guseo
178,5HMNKX8Oj,t4fssiay,F
179,v0dR,it2j5Rtoq,mWGGWYFLRI
180,85,NqffhTdI,t
181,p,KLZw,OS
182,lUL,Mu6G,mA
183,pUH,S27r,Op9
184,DCl,LGrUju2d,Jhj
185,Q3e2SY6izm,5HbO4i,quvSTKF9
186,dBds2,nVGvBSI,x
187,K0,IBmwA2p,q1
188,xo,lRhNSELqA,u9
189,urFtl,fdZ528M,1c2xrkY
190,nwP1Qp,FWgYY72Z,nKU
191,Qq,93LF,As0Axyf
192,3AsGAEcsm,fpf,P
193,yVLfWs,SW,qEzshBva
194,IZFdA,86FmGnJiNZ,hv
195,Pc3yu9neNn,Wimhx,3QEe
196,AE,a68L,qXuAd
197,MNyt,0R9sboH,z0eyUL
198,T6T3,7law,Frk1MR75
199,Y0HgP,lc04QL,1L
200,qC7nK,Ijfqqs,tfhDXHzw
201,6QWi,A5qgy,7lvm
202,ZmNwNq2Ak,25ckj,PmjA
203,J,XYU,cLUz5pGw8T
204,QP8PIu6SY,Hi5xwMfu,o9XEpbi
205,LkXXznB,EcCiiB,MS
206,M4Qj,kpEQFlg,PuDqwBS
207,Iaopu3,yjY3FD87,i9Vb
208,0i7XalPd5e,KXF,TRN7
209,L2MmYd,aCX,GPGVhucWU
210,zXnmeI,GSc42wnV,z
211,ig30,JWBUV75,G
212,A1,FPvKZN,v
213,k9JmazGyw,hTLPV8,GXD6Y9
214,sS2V,RKqSVpvnrQ,KXse3lCv3e
215,J8nBAfsOA,TPx,E5
216,PO6FOT,i,Gac
217,4H,q,ktq3
218,BahVa,VpnsKgS,mOzhlEr4iS
219,dzcKPifkc,QmaqO,oM6
220,euFDZvYw6,qazL,KK
221,kIYXOs,eUvZPdt57,v3
222,H0RPH,ZLQ,fFSTaj
223,Zurv51HwlX,GkO,aGnptJODV
224,SiTBoOC,Xekt16lvd,jw6IZ2ga9b
225,y5ODsvdq,hsuF,TNkW12k
226,AM,2nDjNSP2,0l5Pqhu
227,uNXJ7yR0L4,ye,fTHOKW92WU
228,PCDR,HYesR,S8u8ZMfK1
229,E3zyx,6EsUo,6dNHlUg5vP
230,GdXxLWP,VICys,4OQWyuxW
231,ACR,K4rw5Tg,8f9
232,R8V4,fs,tOuOlKKT6a
233,iiC,eMMU1Nq9QZ,M
234,Nt,sxC,OpfG
235,Ds,afMG,oohOIAV
236,xLMCbCcQ,JHcyikdyX,gk
237,8x0AF,r,untM7
238,mDDFY1,ahKL,dfyBh2wO
239,XliPevXID,VR,DnSKdD74F
240,MSM,dCjdE,HzP0fbCUVK
241,CiWqrVCBl,FsDP0,9XN3
242,gz5Jl,Ir1Z,S94
243,DmELcnMSqB,nxhDmEw,aYx
244,t3v,Y,0JtdGa2bo
245,SJp,Qm,lzQYHUm
246,psFvD,nlH,Eel
247,iBXES7,HnXgGnnH1,1tLcHVvs
248,j,p0PF,LSnOm1
249,mdzH2tA,y,zH
250,UPNSKY,0bDIEcxC,iLe
251,tGDsy4,39ZMoOz,s5Q
252,PT6S7OOBq,oLYO6Sg,Vz
253,TY5cL3v,FYIBdac,MQbW0hTqG
254,Tw,pcx19Mz,qLRSiXfH
255,kE,2tX,N8K9rZKvfn
256,71yf9zwxlw,aA9QP3E,BjS5E9d
257,FikFi,b,uK
258,AK,aZAWsGjTdA,GP
259,Xv0,woa,KHiiry5l
260,PzuSe,VuNlpP,luha3IUwA6
261,lAmA,k,AJPYW
262,p3eHYIt4O6,iozCRgLB2,ATz3h21nE
263,f,jEshKBD,wryEG
264,2oc,n,g
265,v1ekXMPe1,hqtx4F4w0,F9945D2
266,wgTk,VM8b,NxBB8HIEFA
267,HLF,J,yfL
268,gvxebo8,F9h,Bk
269,7GfnacFEa,u7,kpsqKzVX
270,bSBPkC87XL,SkA1c,AhQ5ds4b8
271,GxLQ0g6t,8g,iy
272,pqtK,4I,e71wM
273,oYlj,IL,au3v
274,Z,ddzKHxkpWT,8SNlL9hRg
275,kA0snwn3rY,NA7EmNsN1k,Za
276,WRTOclND0c,M9t,qu9d9
277,0uSp4r,j4LFCsm5U,8i7fOFVl
278,VcSEiyP,1f,pKgWP1yVJ
279,aArNzWTu,qONJ7uE,UQ
280,eQ2mQO,JZ,Gq73wHrbkf
281,HW3E,mZQ9m,1JutDbB
282,1,SdSr7,Se3T6
283,HsLucJeC0p,O,k38vO0FQ
284,mvVkwXzDZc,2ut2kyDS0,eO2
285,WAydVkF,S1VYkbs63,y0yy
286,QalbUGc,FKb,jY91
287,oSY,whrzjEcUJF,O1wL
288,cr67,j,PB1yPK5Tf
289,YKF,f1I6zsigo,hEp
290,pBsc8Pb,1ag,RglqIoQjn
291,J,w,r24zmu6
292,xVyn0CzL2f,i03jgD,16WLZded
293,vaL80,pU9,9Z
294,YsDXfLp,LXTTK13Zar,Ryt
295,6BZJ5Mx,4zlSPCC0,yHFnx
296,fcKjbj,ab,2iYZKXEv8Z
297,S,Ci,MC0
298,O6,oNL0B,SB
299,1WO2,SgKBj9,u
300,rU821a,hmP,6EIIwNwEH
301,mWzOZFnoR,uVjnRa,cV6K
302,ah8oq66f,vv6y,14Gb
303,jMcYZv,mmR,eMmR5TDW6
304,idzc,uCn,RFYhD5
305,cxQ425XZw,qE,WxvP
306,K6yqDoJB,RPCRpGHj,fnLBglG
307,B,JGg,SL
308,eA,Vma,gHJ
309,c,mwoYk,sKRyu
310,Ck6lTjOIE,3eckV0Mjq,2slpKuTbF
311,0,usdujpK,wX5gsb
312,chNPdEd4V1,RAOLACfygL,yuI9
313,PwIfucTJh,E1JSfi6bq0,EVslL
314,UfTdSA56,vUDxo,R2AYiVZEJt
315,TyM9nZs,UTDUrQe3c,vxr6Nf2swZ
316,p8aUdrw2DY,6n4D,j
317,B,9DILRzTf7,rPt06
318,Irim5,NWvm3eZ,emjH
319,y2WDlIxSpA,Wq2MrFWn,hlULG3
320,gb3PnMJaC,AKFUAh,2D
321,k,y8f,SPMjH5
322,zsMt,kUKLW1zW,WYAGc
323,B3FCuxf7,gXVjGoQBd,pLIb3KIwOs
324,9Y5mV,uM,83
325,tk,UwVT,U7WA
326,jxDrXGGXV,dy5pkJNF,Gza9vgS
327,FrB6p,uae,nZx
328,4KsGYVJ,50,y
329,i,0m,eTF
330,L7Eu,tgYEEB6dO,ymcA
331,Yxy,dmzE,8YbX2dW
332,tM,r6,u
333,aAwISDZepF,ik2G,3xQR
334,HyNHYELYY,dD15N,q84kBS5SG
335,3Nof,J,Y4
336,GjFLlJP7sx,gJzufC,c4bM
337,k5u,e1aW11,72
338,TvxVlt,Kl,aAVq6kA6
339,wAo2uf8GN,3by7nYwg,CQ2A1ZY
340,UDhwsfGV,c,v
341,KKHwmd,6EpuyNc,U7giJCmOqh
342,rbC,g5swU8Y90K,W0JauHK7Yt
343,vN1lpqMqm,pvFPC7eN,oSStM
344,Tf,Y5ofB,OzerXn
345,s5W,vwGwSk,yR
346,3h48XR89jB,axEp,oSLgZI7Ej
347,HUgdOThUXL,JNGIc4UmoJ,NPee6v0Km
348,1Zp,0MN,0n
349,h8uBZ,Mg,mgqTTxUbBs
350,GG0rb,vY,O
351,gl,Ytnq,MleA
352,EC2,b,xY8YB3LKiH
353,VF,iOaOVwfYK,W0DSAu
354,mT5Ac,kePBg,pO52k
355,h2,TY7bHOPpoD,x6FMkcgjF
356,0XkcY5R,veTn1,PdOXny7C
357,Sawx0KB3W6,TWq,O3GWY
358,Vo5mml,YisLWa,E8BUnZRadY
359,EcZdWSN7uw,wXIpp,TBPtGOqsGX
360,BLSlZAdH,ba2R4,vxkl
361,xC,jFI8Zl9,Zr3
362,JJ9QxBi,QFjws0KVi8,XO168x8U1
363,7QEPD3QYX,de,FyR8XEZ7v
364,rNaCfY5x,I,8v2W
365,tCX,Kx,fC6B86aQo
366,M,vNwcBss,Z
367,0g9kw5nc,p1uoHDyISm,zzSLp
368,I,HUpIAAl,W
369,xFiuYY,y,A0d8w55wZy
370,mtUGerJwn,65S8FP9I,GI9fRF0BRi
371,CEo,K7,FSbzC
372,Tzd40J968F,Nb,ua7
373,i,t8TfMyXA,urcMBS
374,Eqf1,f6U93am,w
375,6tedsdzTVt,qjDefjc8Sk,RM
376,gZa,AUmcb,OalFT
377,J2D,VPzi,pxSIn
378,MEmBikkXH,EEFd,kmNraJ0
379,Dg2j,UpGP,7eQNR5gjV
380,CQqZa5,5yJeVqhwu,b7TfRGoW
381,9Vx,nM,fJwwwRzxy
382,Eemc7P,oQ4oNb,pu2NuI
383,qq8Vs,GKYPiW,g0wKFRO
384,R,wy,2FYDV
385,EC6,Ayre,ABE
386,wpL,WEO22T0KFU,79
387,a,25bOq,DfHdkc7
388,4gbxj,Z7dCaYd,e1
389,Wk2kMPEw,92Cnx1EC,teX0
390,bibDrVSZY,TQK5MO,6d5UZsk
391,x7aNG,X,BAiz9rqq
392,464,VNWmT,1
393,knHInlHCoY,I,Jf8OR
394,fgwNOC,N84,6wsW
395,BbKx,u2cycLKb,WYcQ
396,m,l4GwG0fglu,JbN
397,4QHV,ldEl,y
398,o8bJ8W,VtYBDRFJF,WVzb
399,Y2ee1Oc,AA,L60h
400,sgEfEO0,2Ew6subTD,ffv3ssH
401,JQC,2RG,NlFRF
402,uCt5gkE,BYbxuMiJAv,T4p
403,5ghCRDuf,ZBV,9d
404,6ZG3rO8Zd,TeDt,Huv9
405,WCM,uD,X6pBU
406,8,Ueboi0W,WFNHqycb
407,878mPEp,ilzGUaTjCz,JMMxJNYD
408,ixY0ZI,Xip,gMo4os3jbn
409,x00I0,UP8pR,fp55e9FJe9
410,3,Iw9xY,sHNx0
411,llmk,KDzNbs4GjJ,NQ
412,lJpGWs,zyKBo5,9jZTXhJ
413,HrV0uz6B7b,r45i,vRYX
414,hLnM2Ks,dv0i,R
415,dO,XBbXD4hm,y6g
416,7LmQBIZNN,J,2T3AmH
417,QWs6vG9pd,emIemn4zT,PW6S
418,G,mZpKw,d6
419,HZCK9SS,89MZ,W
420,fMs,M,t
421,jNB,emYv,kOH8x1TH
422,PGjt4JiuMl,J3,jCPQ4Sx
423,rcy,WJR,L
424,kIVC,FoiR2c,6cyadocJ
425,ZfxpmY6X,1zH,o
426,AeS,E,s0v4WaTO
427,FRGu0Tsg,0,Qkyp5zvd
428,v8bP2WGtZ,8de5qagJpE,hP4nLEh
429,gMte1cDXy,lS,d9
430,HyeVGL,7EJUk,elrXzR
431,Q,A,f4ERYzlF
432,r3Yx,UybqJ,PoIMU4l
433,OSwBlrn,8iiI,xr8sfOR4
434,rh,e3Xt,p8XxR
435,0XzEfin87,hDZO2,LXZ
436,UM4Sle,KY,N
437,MW3uE08F,wFmD4Ry,PK
438,h1sCaj,D9,bdhyPwux
439,jY1Va,tFvu0i,zY1
440,WZBm7xS,cAF,cVMtkc3gS
441,4K,aEfPQD9a,4inm
442,u,5fd,o
443,rg1sRJh,lB75FyWsY,KBnt8tie
444,PBDzv,ngey,EYiHp
445,C,UyMl6,vV9qyCEc
446,8bIscP6,z,yDReGTqhTa
447,6ylFwJoG,jC,4Hf12pd
448,pCZkaRcwO4,QUoANx6,GPDoNFjM6
449,ThvNqEDfXv,m9EKt,YHSAbui4kg
450,rL5zkzz,E3,Z
451,r9,8g0,qxXR
452,158Vc4Y,0,BP43m
453,wc2qNaTh,6ZR,sqWV6I
454,0y,ph88eat3,cHtxXpV
455,AZs9MKz,UYsRD4,3kINey2ia
456,mid3uqBB4q,RMd,8j
457,8TchX9n,9rbkF,EZ
458,RQ4KiQND,6quw0O,Q
459,S52tTUO5b,kcnfNlHdoK,j3o
460,1O,En2,v
461,Dy,k43xRXXWXm,Gu3NEkAS
462,Rhsru,hEpVG,JpR
463,giwnZGH,8p6Kq,VEOa
464,4QOfDm,U1UyHHBh,8V
465,TUUz7u,XRt,rwmlj9
466,h,ozgtY,xiqmcpaO
467,Kb2oh,gXdyrfKTeV,zsDMQ
468,gE,BeT95,1br5K
469,4,dCS,d
470,SheSAkaE,mlCLujk8C,zf1t
471,lDFDq6,AmEZ,Roh93vQWW
472,xBDPosKeO,cwPfV,D6
473,OdNViscqoR,uT0mg4X1Th,cQ56L8QA
474,Th,vLmQdXrW6r,9DdeOQ0W
475,bFWd,APr,E
476,ar2y,pwyALhuPbs,kJ
477,k28Bx,vHXvsvWF,6bRts8
478,6cdn8b,wLFNMZZTRu,sLpau
479,MJEA,m,iq2b026SSJ
480,ilY5fOd,pq,UwE3tZ0JM0
481,Dbejc,EUsL,tpYvRnOamT
482,WBZ,w3xV,szhFhX
483,tIVD,YIhwmL,4cTJ
484,5P64,4PuIugr5L,xcocNzMkI
485,C76E8Nn,wTB1YKKm,z0Ts
486,OQYAmR,IiWd0X4y,xiJI5rf
487,6FXqWU,3,Alnq7qYSy
488,bNzy6K0GG,La,aOyCUQ
489,DBc,K2swr,x6D
490,wWy46,WGCY9AG,hOX
491,avQPkmpTz7,c9ZDE,uWi8UJ
492,vvd,R,x4u6sutpQ
493,jbuNVl,mXVWewaI,q31bk00r
494,FYsVyAqcu,0qRy,Ohh1gMak
495,kBigHGch,BtyoUyFw,EEoE
496,RyMnS6,j9YiQRaRF,MZNYu
497,Sabbc,SE7,kBvMLmk
498,Gl,p1U9OV,UwPU
499,LhGKDc8PZ,70BomTT,Fd1JiN
